hp (t-4),armor (t-4),isBlinded (t-4),isAirborne (t-4),isDucking (t-4),isStanding (t-4),isScoped (t-4),isWalking (t-4),equipmentValue (t-4),cash (t-4),hasHelmet (t-4),kills_from_avg (t-4),deaths_from_avg (t-4),total_hp_enemy (t-4),total_hp_team (t-4),num_enemy_alive (t-4),num_team_alive (t-4),enemy_in_range_200 (t-4),enemy_in_range_500 (t-4),enemy_in_range_1000 (t-4),enemy_in_range_2000 (t-4),enemy_hp_in_range_500 (t-4),enemy_hp_in_range_1000 (t-4),enemy_hp_in_range_2000 (t-4),enemy_equipment_in_range_500 (t-4),enemy_equipment_in_range_1000 (t-4),enemy_equipment_in_range_2000 (t-4),team_in_range_200 (t-4),team_in_range_500 (t-4),team_in_range_1000 (t-4),equipment_value_team (t-4),equipment_value_enemy (t-4),distance_closest_enemy (t-4),hp_closest_enemy (t-4),active_weapon_Melee Kills (t-4),active_weapon_Pistol Kills (t-4),active_weapon_Shotgun Kills (t-4),active_weapon_SMG Kills (t-4),active_weapon_Assault Rifle Kills (t-4),active_weapon_Machine Gun Kills (t-4),active_weapon_Sniper Rifle Kills (t-4),active_weapon_Utility Kills (t-4),weapon_closest_enemy_Melee Kills (t-4),weapon_closest_enemy_Pistol Kills (t-4),weapon_closest_enemy_Shotgun Kills (t-4),weapon_closest_enemy_SMG Kills (t-4),weapon_closest_enemy_Assault Rifle Kills (t-4),weapon_closest_enemy_Machine Gun Kills (t-4),weapon_closest_enemy_Sniper Rifle Kills (t-4),weapon_closest_enemy_Utility Kills (t-4),hp (t-3),armor (t-3),isBlinded (t-3),isAirborne (t-3),isDucking (t-3),isStanding (t-3),isScoped (t-3),isWalking (t-3),equipmentValue (t-3),cash (t-3),hasHelmet (t-3),kills_from_avg (t-3),deaths_from_avg (t-3),total_hp_enemy (t-3),total_hp_team (t-3),num_enemy_alive (t-3),num_team_alive (t-3),enemy_in_range_200 (t-3),enemy_in_range_500 (t-3),enemy_in_range_1000 (t-3),enemy_in_range_2000 (t-3),enemy_hp_in_range_500 (t-3),enemy_hp_in_range_1000 (t-3),enemy_hp_in_range_2000 (t-3),enemy_equipment_in_range_500 (t-3),enemy_equipment_in_range_1000 (t-3),enemy_equipment_in_range_2000 (t-3),team_in_range_200 (t-3),team_in_range_500 (t-3),team_in_range_1000 (t-3),equipment_value_team (t-3),equipment_value_enemy (t-3),distance_closest_enemy (t-3),hp_closest_enemy (t-3),active_weapon_Melee Kills (t-3),active_weapon_Pistol Kills (t-3),active_weapon_Shotgun Kills (t-3),active_weapon_SMG Kills (t-3),active_weapon_Assault Rifle Kills (t-3),active_weapon_Machine Gun Kills (t-3),active_weapon_Sniper Rifle Kills (t-3),active_weapon_Utility Kills (t-3),weapon_closest_enemy_Melee Kills (t-3),weapon_closest_enemy_Pistol Kills (t-3),weapon_closest_enemy_Shotgun Kills (t-3),weapon_closest_enemy_SMG Kills (t-3),weapon_closest_enemy_Assault Rifle Kills (t-3),weapon_closest_enemy_Machine Gun Kills (t-3),weapon_closest_enemy_Sniper Rifle Kills (t-3),weapon_closest_enemy_Utility Kills (t-3),hp (t-2),armor (t-2),isBlinded (t-2),isAirborne (t-2),isDucking (t-2),isStanding (t-2),isScoped (t-2),isWalking (t-2),equipmentValue (t-2),cash (t-2),hasHelmet (t-2),kills_from_avg (t-2),deaths_from_avg (t-2),total_hp_enemy (t-2),total_hp_team (t-2),num_enemy_alive (t-2),num_team_alive (t-2),enemy_in_range_200 (t-2),enemy_in_range_500 (t-2),enemy_in_range_1000 (t-2),enemy_in_range_2000 (t-2),enemy_hp_in_range_500 (t-2),enemy_hp_in_range_1000 (t-2),enemy_hp_in_range_2000 (t-2),enemy_equipment_in_range_500 (t-2),enemy_equipment_in_range_1000 (t-2),enemy_equipment_in_range_2000 (t-2),team_in_range_200 (t-2),team_in_range_500 (t-2),team_in_range_1000 (t-2),equipment_value_team (t-2),equipment_value_enemy (t-2),distance_closest_enemy (t-2),hp_closest_enemy (t-2),active_weapon_Melee Kills (t-2),active_weapon_Pistol Kills (t-2),active_weapon_Shotgun Kills (t-2),active_weapon_SMG Kills (t-2),active_weapon_Assault Rifle Kills (t-2),active_weapon_Machine Gun Kills (t-2),active_weapon_Sniper Rifle Kills (t-2),active_weapon_Utility Kills (t-2),weapon_closest_enemy_Melee Kills (t-2),weapon_closest_enemy_Pistol Kills (t-2),weapon_closest_enemy_Shotgun Kills (t-2),weapon_closest_enemy_SMG Kills (t-2),weapon_closest_enemy_Assault Rifle Kills (t-2),weapon_closest_enemy_Machine Gun Kills (t-2),weapon_closest_enemy_Sniper Rifle Kills (t-2),weapon_closest_enemy_Utility Kills (t-2),hp (t-1),armor (t-1),isBlinded (t-1),isAirborne (t-1),isDucking (t-1),isStanding (t-1),isScoped (t-1),isWalking (t-1),equipmentValue (t-1),cash (t-1),hasHelmet (t-1),kills_from_avg (t-1),deaths_from_avg (t-1),total_hp_enemy (t-1),total_hp_team (t-1),num_enemy_alive (t-1),num_team_alive (t-1),enemy_in_range_200 (t-1),enemy_in_range_500 (t-1),enemy_in_range_1000 (t-1),enemy_in_range_2000 (t-1),enemy_hp_in_range_500 (t-1),enemy_hp_in_range_1000 (t-1),enemy_hp_in_range_2000 (t-1),enemy_equipment_in_range_500 (t-1),enemy_equipment_in_range_1000 (t-1),enemy_equipment_in_range_2000 (t-1),team_in_range_200 (t-1),team_in_range_500 (t-1),team_in_range_1000 (t-1),equipment_value_team (t-1),equipment_value_enemy (t-1),distance_closest_enemy (t-1),hp_closest_enemy (t-1),active_weapon_Melee Kills (t-1),active_weapon_Pistol Kills (t-1),active_weapon_Shotgun Kills (t-1),active_weapon_SMG Kills (t-1),active_weapon_Assault Rifle Kills (t-1),active_weapon_Machine Gun Kills (t-1),active_weapon_Sniper Rifle Kills (t-1),active_weapon_Utility Kills (t-1),weapon_closest_enemy_Melee Kills (t-1),weapon_closest_enemy_Pistol Kills (t-1),weapon_closest_enemy_Shotgun Kills (t-1),weapon_closest_enemy_SMG Kills (t-1),weapon_closest_enemy_Assault Rifle Kills (t-1),weapon_closest_enemy_Machine Gun Kills (t-1),weapon_closest_enemy_Sniper Rifle Kills (t-1),weapon_closest_enemy_Utility Kills (t-1),hp (t-0),armor (t-0),isBlinded (t-0),isAirborne (t-0),isDucking (t-0),isStanding (t-0),isScoped (t-0),isWalking (t-0),equipmentValue (t-0),cash (t-0),hasHelmet (t-0),kills_from_avg (t-0),deaths_from_avg (t-0),total_hp_enemy (t-0),total_hp_team (t-0),num_enemy_alive (t-0),num_team_alive (t-0),enemy_in_range_200 (t-0),enemy_in_range_500 (t-0),enemy_in_range_1000 (t-0),enemy_in_range_2000 (t-0),enemy_hp_in_range_500 (t-0),enemy_hp_in_range_1000 (t-0),enemy_hp_in_range_2000 (t-0),enemy_equipment_in_range_500 (t-0),enemy_equipment_in_range_1000 (t-0),enemy_equipment_in_range_2000 (t-0),team_in_range_200 (t-0),team_in_range_500 (t-0),team_in_range_1000 (t-0),equipment_value_team (t-0),equipment_value_enemy (t-0),distance_closest_enemy (t-0),hp_closest_enemy (t-0),active_weapon_Melee Kills (t-0),active_weapon_Pistol Kills (t-0),active_weapon_Shotgun Kills (t-0),active_weapon_SMG Kills (t-0),active_weapon_Assault Rifle Kills (t-0),active_weapon_Machine Gun Kills (t-0),active_weapon_Sniper Rifle Kills (t-0),active_weapon_Utility Kills (t-0),weapon_closest_enemy_Melee Kills (t-0),weapon_closest_enemy_Pistol Kills (t-0),weapon_closest_enemy_Shotgun Kills (t-0),weapon_closest_enemy_SMG Kills (t-0),weapon_closest_enemy_Assault Rifle Kills (t-0),weapon_closest_enemy_Machine Gun Kills (t-0),weapon_closest_enemy_Sniper Rifle Kills (t-0),weapon_closest_enemy_Utility Kills (t-0),forecast_dead-3,__index_level_0__
1,1,0,0,0,1,0,0,0.102409638554217,0.009375,0,0.466305638190824,0.5,1,1,1,1,0,0,0,0,0,0,0,0,0,0,1,1,1,0.118120805369128,0.118120805369128,0.00236820234101207,1,0,0,1,0,0,0,0,0,0,0,1,0,0,0,0,0,1,1,0,0,0,1,0,0,0.102409638554217,0.009375,0,0.466305638190824,0.5,1,1,1,1,0,0,0,0,0,0,0,0,0,0,0.8,1,1,0.118120805369128,0.118120805369128,0.00208720910136824,1,0,0,1,0,0,0,0,0,0,0,1,0,0,0,0,0,1,1,0,0,0,1,0,0,0.102409638554217,0.009375,0,0.466305638190824,0.5,1,1,1,1,0,0,0,0,0,0,0,0,0,0,0.8,1,1,0.118120805369128,0.118120805369128,0.00180177440548486,1,0,0,1,0,0,0,0,0,0,0,1,0,0,0,0,0,1,1,0,0,0,1,0,0,0.102409638554217,0.009375,0,0.466305638190824,0.5,1,1,1,1,0,0,0,0,0,0,0,0,0,0,0.8,1,1,0.118120805369128,0.118120805369128,0.00151573069484645,1,0,0,1,0,0,0,0,0,0,0,1,0,0,0,0,0,1,1,0,0,0,1,0,0,0.102409638554217,0.009375,0,0.466305638190824,0.5,1,1,1,1,0,0,0,0,0,0,0,0,0,0,0.8,1,1,0.118120805369128,0.118120805369128,0.00126174883972362,1,0,0,1,0,0,0,0,0,0,0,1,0,0,0,0,0,0,4
1,1,0,0,0,1,0,0,0.102409638554217,0.009375,0,0.466305638190824,0.5,1,1,1,1,0,0,0,0,0,0,0,0,0,0,0.8,1,1,0.118120805369128,0.118120805369128,0.00208720910136824,1,0,0,1,0,0,0,0,0,0,0,1,0,0,0,0,0,1,1,0,0,0,1,0,0,0.102409638554217,0.009375,0,0.466305638190824,0.5,1,1,1,1,0,0,0,0,0,0,0,0,0,0,0.8,1,1,0.118120805369128,0.118120805369128,0.00180177440548486,1,0,0,1,0,0,0,0,0,0,0,1,0,0,0,0,0,1,1,0,0,0,1,0,0,0.102409638554217,0.009375,0,0.466305638190824,0.5,1,1,1,1,0,0,0,0,0,0,0,0,0,0,0.8,1,1,0.118120805369128,0.118120805369128,0.00151612639562872,1,0,0,1,0,0,0,0,0,0,0,1,0,0,0,0,0,1,1,0,0,0,1,0,0,0.102409638554217,0.009375,0,0.466305638190824,0.5,1,1,1,1,0,0,0,0,0,0,0,0,0,0,0.8,1,1,0.118120805369128,0.118120805369128,0.00126182067290678,1,0,0,1,0,0,0,0,0,0,0,1,0,0,0,0,0,1,1,0,0,0,1,0,0,0.102409638554217,0.009375,0,0.466305638190824,0.5,1,1,1,1,0,0,0,0.8,0,0,1,0,0,0.118181818181818,0.8,1,1,0.118120805369128,0.118120805369128,0.0010421195692614,1,0,0,0,1,0,0,0,0,0,0,1,0,0,0,0,0,0,5
1,1,0,0,0,1,0,0,0.102409638554217,0.009375,0,0.466305638190824,0.5,1,1,1,1,0,0,0,0,0,0,0,0,0,0,0.8,1,1,0.118120805369128,0.118120805369128,0.00180177440548486,1,0,0,1,0,0,0,0,0,0,0,1,0,0,0,0,0,1,1,0,0,0,1,0,0,0.102409638554217,0.009375,0,0.466305638190824,0.5,1,1,1,1,0,0,0,0,0,0,0,0,0,0,0.8,1,1,0.118120805369128,0.118120805369128,0.00151612639562872,1,0,0,1,0,0,0,0,0,0,0,1,0,0,0,0,0,1,1,0,0,0,1,0,0,0.102409638554217,0.009375,0,0.466305638190824,0.5,1,1,1,1,0,0,0,0,0,0,0,0,0,0,0.8,1,1,0.118120805369128,0.118120805369128,0.00126215008724737,1,0,0,1,0,0,0,0,0,0,0,1,0,0,0,0,0,1,1,0,0,0,1,0,0,0.102409638554217,0.009375,0,0.466305638190824,0.5,1,1,1,1,0,0,0,0.8,0,0,1,0,0,0.118181818181818,0.8,1,1,0.118120805369128,0.118120805369128,0.00104217889863309,1,0,0,0,1,0,0,0,0,0,0,1,0,0,0,0,0,1,1,0,0,0,1,0,0,0.102409638554217,0.009375,0,0.466305638190824,0.5,1,1,1,1,0,0,0,1,0,0,1,0,0,0.106666666666667,0.8,1,1,0.118120805369128,0.118120805369128,0.000930711578171771,1,0,0,0,1,0,0,0,0,0,0,1,0,0,0,0,0,0,6
1,1,0,0,0,1,0,0,0.102409638554217,0.009375,0,0.466305638190824,0.5,1,1,1,1,0,0,0,0,0,0,0,0,0,0,0.8,1,1,0.118120805369128,0.118120805369128,0.00151612639562872,1,0,0,1,0,0,0,0,0,0,0,1,0,0,0,0,0,1,1,0,0,0,1,0,0,0.102409638554217,0.009375,0,0.466305638190824,0.5,1,1,1,1,0,0,0,0,0,0,0,0,0,0,0.8,1,1,0.118120805369128,0.118120805369128,0.00126215008724737,1,0,0,1,0,0,0,0,0,0,0,1,0,0,0,0,0,1,1,0,0,0,1,0,0,0.102409638554217,0.009375,0,0.466305638190824,0.5,1,1,1,1,0,0,0,0.8,0,0,1,0,0,0.118181818181818,0.8,1,1,0.118120805369128,0.118120805369128,0.00104245097269404,1,0,0,0,1,0,0,0,0,0,0,1,0,0,0,0,0,1,1,0,0,0,1,0,0,0.102409638554217,0.009375,0,0.466305638190824,0.5,1,1,1,1,0,0,0,1,0,0,1,0,0,0.106666666666667,0.8,1,1,0.118120805369128,0.118120805369128,0.000930764564925676,1,0,0,0,1,0,0,0,0,0,0,1,0,0,0,0,0,1,1,0,0,0,1,0,1,0.102409638554217,0.009375,0,0.466305638190824,0.5,1,1,1,1,0,0,0,1,0,0,1,0,0,0.106666666666667,0.8,1,1,0.118120805369128,0.118120805369128,0.00086831400136384,1,0,0,0,1,0,0,0,0,0,0,1,0,0,0,0,0,0,7
1,1,0,0,0,1,0,0,0.102409638554217,0.009375,0,0.466305638190824,0.5,1,1,1,1,0,0,0,0,0,0,0,0,0,0,0.8,1,1,0.118120805369128,0.118120805369128,0.00126215008724737,1,0,0,1,0,0,0,0,0,0,0,1,0,0,0,0,0,1,1,0,0,0,1,0,0,0.102409638554217,0.009375,0,0.466305638190824,0.5,1,1,1,1,0,0,0,0.8,0,0,1,0,0,0.118181818181818,0.8,1,1,0.118120805369128,0.118120805369128,0.00104245097269404,1,0,0,0,1,0,0,0,0,0,0,1,0,0,0,0,0,1,1,0,0,0,1,0,0,0.102409638554217,0.009375,0,0.466305638190824,0.5,1,1,1,1,0,0,0,1,0,0,1,0,0,0.106666666666667,0.8,1,1,0.118120805369128,0.118120805369128,0.000931007552857307,1,0,0,0,1,0,0,0,0,0,0,1,0,0,0,0,0,1,1,0,0,0,1,0,1,0.102409638554217,0.009375,0,0.466305638190824,0.5,1,1,1,1,0,0,0,1,0,0,1,0,0,0.106666666666667,0.8,1,1,0.118120805369128,0.118120805369128,0.000868363435733608,1,0,0,0,1,0,0,0,0,0,0,1,0,0,0,0,0,1,1,0,0,0,1,0,1,0.102409638554217,0.009375,0,0.466305638190824,0.5,1,1,1,1,0,0,0,1,0,0,1,0,0,0.106666666666667,0.6,1,1,0.118120805369128,0.118120805369128,0.000710488428431228,1,0,0,0,1,0,0,0,0,0,0,1,0,0,0,0,0,0,8
1,1,0,0,0,1,0,0,0.102409638554217,0.009375,0,0.466305638190824,0.5,1,1,1,1,0,0,0,0.8,0,0,1,0,0,0.118181818181818,0.8,1,1,0.118120805369128,0.118120805369128,0.00104245097269404,1,0,0,0,1,0,0,0,0,0,0,1,0,0,0,0,0,1,1,0,0,0,1,0,0,0.102409638554217,0.009375,0,0.466305638190824,0.5,1,1,1,1,0,0,0,1,0,0,1,0,0,0.106666666666667,0.8,1,1,0.118120805369128,0.118120805369128,0.000931007552857307,1,0,0,0,1,0,0,0,0,0,0,1,0,0,0,0,0,1,1,0,0,0,1,0,1,0.102409638554217,0.009375,0,0.466305638190824,0.5,1,1,1,1,0,0,0,1,0,0,1,0,0,0.106666666666667,0.8,1,1,0.118120805369128,0.118120805369128,0.000868590133056545,1,0,0,0,1,0,0,0,0,0,0,1,0,0,0,0,0,1,1,0,0,0,1,0,1,0.102409638554217,0.009375,0,0.466305638190824,0.5,1,1,1,1,0,0,0,1,0,0,1,0,0,0.106666666666667,0.6,1,1,0.118120805369128,0.118120805369128,0.00071052887756326,1,0,0,0,1,0,0,0,0,0,0,1,0,0,0,0,0,1,1,0,0,0,1,0,1,0.102409638554217,0.009375,0,0.466305638190824,0.5,1,1,1,1,0,0,0.2,1,0,1,1,0,0.139393939393939,0.106666666666667,0.8,0.8,1,0.118120805369128,0.118120805369128,0.000510866548027744,1,0,0,0,1,0,0,0,0,0,0,1,0,0,0,0,0,0,9
1,1,0,0,0,1,0,0,0.102409638554217,0.009375,0,0.466305638190824,0.5,1,1,1,1,0,0,0,1,0,0,1,0,0,0.106666666666667,0.8,1,1,0.118120805369128,0.118120805369128,0.000931007552857307,1,0,0,0,1,0,0,0,0,0,0,1,0,0,0,0,0,1,1,0,0,0,1,0,1,0.102409638554217,0.009375,0,0.466305638190824,0.5,1,1,1,1,0,0,0,1,0,0,1,0,0,0.106666666666667,0.8,1,1,0.118120805369128,0.118120805369128,0.000868590133056545,1,0,0,0,1,0,0,0,0,0,0,1,0,0,0,0,0,1,1,0,0,0,1,0,1,0.102409638554217,0.009375,0,0.466305638190824,0.5,1,1,1,1,0,0,0,1,0,0,1,0,0,0.106666666666667,0.6,1,1,0.118120805369128,0.118120805369128,0.000710714370166685,1,0,0,0,1,0,0,0,0,0,0,1,0,0,0,0,0,1,1,0,0,0,1,0,1,0.102409638554217,0.009375,0,0.466305638190824,0.5,1,1,1,1,0,0,0.2,1,0,1,1,0,0.139393939393939,0.106666666666667,0.8,0.8,1,0.118120805369128,0.118120805369128,0.000510895632397911,1,0,0,0,1,0,0,0,0,0,0,1,0,0,0,0,0,1,1,0,0,0,1,0,1,0.102409638554217,0.009375,0,0.466305638190824,0.5,1,1,1,1,0,0,0.4,1,0,1,1,0,0.1,0.106666666666667,0.8,0.8,1,0.118120805369128,0.118120805369128,0.000322602616072013,1,0,0,0,1,0,0,0,0,0,0,1,0,0,0,0,0,0,10
1,1,0,0,0,1,0,1,0.102409638554217,0.009375,0,0.466305638190824,0.5,1,1,1,1,0,0,0,1,0,0,1,0,0,0.106666666666667,0.8,1,1,0.118120805369128,0.118120805369128,0.000868590133056545,1,0,0,0,1,0,0,0,0,0,0,1,0,0,0,0,0,1,1,0,0,0,1,0,1,0.102409638554217,0.009375,0,0.466305638190824,0.5,1,1,1,1,0,0,0,1,0,0,1,0,0,0.106666666666667,0.6,1,1,0.118120805369128,0.118120805369128,0.000710714370166685,1,0,0,0,1,0,0,0,0,0,0,1,0,0,0,0,0,1,1,0,0,0,1,0,1,0.102409638554217,0.009375,0,0.466305638190824,0.5,1,1,1,1,0,0,0.2,1,0,1,1,0,0.139393939393939,0.106666666666667,0.8,0.8,1,0.118120805369128,0.118120805369128,0.000511029008202786,1,0,0,0,1,0,0,0,0,0,0,1,0,0,0,0,0,1,1,0,0,0,1,0,1,0.102409638554217,0.009375,0,0.466305638190824,0.5,1,1,1,1,0,0,0.4,1,0,1,1,0,0.1,0.106666666666667,0.8,0.8,1,0.118120805369128,0.118120805369128,0.00032262098230472,1,0,0,0,1,0,0,0,0,0,0,1,0,0,0,0,0,1,1,0,0,0,1,0,1,0.102409638554217,0.009375,0,0.466305638190824,0.5,1,1,1,1,0,0.2,0.6,1,1,1,1,0.139393939393939,0.101010101010101,0.106666666666667,0.8,0.8,1,0.118120805369128,0.118120805369128,0.000274065596266609,1,0,0,0,1,0,0,0,0,0,0,1,0,0,0,0,0,0,11
1,1,0,0,0,1,0,1,0.102409638554217,0.009375,0,0.466305638190824,0.5,1,1,1,1,0,0,0,1,0,0,1,0,0,0.106666666666667,0.6,1,1,0.118120805369128,0.118120805369128,0.000710714370166685,1,0,0,0,1,0,0,0,0,0,0,1,0,0,0,0,0,1,1,0,0,0,1,0,1,0.102409638554217,0.009375,0,0.466305638190824,0.5,1,1,1,1,0,0,0.2,1,0,1,1,0,0.139393939393939,0.106666666666667,0.8,0.8,1,0.118120805369128,0.118120805369128,0.000511029008202786,1,0,0,0,1,0,0,0,0,0,0,1,0,0,0,0,0,1,1,0,0,0,1,0,1,0.102409638554217,0.009375,0,0.466305638190824,0.5,1,1,1,1,0,0,0.4,1,0,1,1,0,0.1,0.106666666666667,0.8,0.8,1,0.118120805369128,0.118120805369128,0.000322705206616802,1,0,0,0,1,0,0,0,0,0,0,1,0,0,0,0,0,1,1,0,0,0,1,0,1,0.102409638554217,0.009375,0,0.466305638190824,0.5,1,1,1,1,0,0.2,0.6,1,1,1,1,0.139393939393939,0.101010101010101,0.106666666666667,0.8,0.8,1,0.118120805369128,0.118120805369128,0.000274081199216699,1,0,0,0,1,0,0,0,0,0,0,1,0,0,0,0,0,1,1,0,0,0,1,0,1,0.102409638554217,0.009375,0,0.466305638190824,0.5,1,1,1,1,0,0,0.4,1,0,1,1,0,0.121212121212121,0.106666666666667,0.8,0.8,1,0.118120805369128,0.118120805369128,0.000302641084021548,1,0,0,0,1,0,0,0,0,0,0,1,0,0,0,0,0,0,12
1,1,0,0,0,1,0,1,0.102409638554217,0.009375,0,0.466305638190824,0.5,1,1,1,1,0,0,0.2,1,0,1,1,0,0.139393939393939,0.106666666666667,0.8,0.8,1,0.118120805369128,0.118120805369128,0.000511029008202786,1,0,0,0,1,0,0,0,0,0,0,1,0,0,0,0,0,1,1,0,0,0,1,0,1,0.102409638554217,0.009375,0,0.466305638190824,0.5,1,1,1,1,0,0,0.4,1,0,1,1,0,0.1,0.106666666666667,0.8,0.8,1,0.118120805369128,0.118120805369128,0.000322705206616802,1,0,0,0,1,0,0,0,0,0,0,1,0,0,0,0,0,1,1,0,0,0,1,0,1,0.102409638554217,0.009375,0,0.466305638190824,0.5,1,1,1,1,0,0.2,0.6,1,1,1,1,0.139393939393939,0.101010101010101,0.106666666666667,0.8,0.8,1,0.118120805369128,0.118120805369128,0.000274152751600843,1,0,0,0,1,0,0,0,0,0,0,1,0,0,0,0,0,1,1,0,0,0,1,0,1,0.102409638554217,0.009375,0,0.466305638190824,0.5,1,1,1,1,0,0,0.4,1,0,1,1,0,0.121212121212121,0.106666666666667,0.8,0.8,1,0.118120805369128,0.118120805369128,0.000302658313815414,1,0,0,0,1,0,0,0,0,0,0,1,0,0,0,0,0,1,1,0,0,0,1,0,1,0.102409638554217,0.009375,0,0.466305638190824,0.5,1,1,1,1,0,0,0.4,1,0,1,1,0,0.121212121212121,0.106666666666667,0.8,1,1,0.118120805369128,0.118120805369128,0.000361267808408538,1,0,0,0,1,0,0,0,0,0,0,1,0,0,0,0,0,0,13
1,1,0,0,0,1,0,1,0.102409638554217,0.009375,0,0.466305638190824,0.5,1,1,1,1,0,0,0.4,1,0,1,1,0,0.1,0.106666666666667,0.8,0.8,1,0.118120805369128,0.118120805369128,0.000322705206616802,1,0,0,0,1,0,0,0,0,0,0,1,0,0,0,0,0,1,1,0,0,0,1,0,1,0.102409638554217,0.009375,0,0.466305638190824,0.5,1,1,1,1,0,0.2,0.6,1,1,1,1,0.139393939393939,0.101010101010101,0.106666666666667,0.8,0.8,1,0.118120805369128,0.118120805369128,0.000274152751600843,1,0,0,0,1,0,0,0,0,0,0,1,0,0,0,0,0,1,1,0,0,0,1,0,1,0.102409638554217,0.009375,0,0.466305638190824,0.5,1,1,1,1,0,0,0.4,1,0,1,1,0,0.121212121212121,0.106666666666667,0.8,0.8,1,0.118120805369128,0.118120805369128,0.000302737326618905,1,0,0,0,1,0,0,0,0,0,0,1,0,0,0,0,0,1,1,0,0,0,1,0,1,0.102409638554217,0.009375,0,0.466305638190824,0.5,1,1,1,1,0,0,0.4,1,0,1,1,0,0.121212121212121,0.106666666666667,0.8,1,1,0.118120805369128,0.118120805369128,0.000361288375906468,1,0,0,0,1,0,0,0,0,0,0,1,0,0,0,0,0,1,1,0,0,0,1,0,1,0.102409638554217,0.009375,0,0.466305638190824,0.5,1,1,1,1,0,0,0.2,1,0,1,1,0,0.139393939393939,0.106666666666667,0.8,1,1,0.118120805369128,0.118120805369128,0.000379452180273734,1,0,0,0,1,0,0,0,0,0,0,1,0,0,0,0,0,0,14
1,1,0,0,0,1,0,1,0.102409638554217,0.009375,0,0.466305638190824,0.5,1,1,1,1,0,0.2,0.6,1,1,1,1,0.139393939393939,0.101010101010101,0.106666666666667,0.8,0.8,1,0.118120805369128,0.118120805369128,0.000274152751600843,1,0,0,0,1,0,0,0,0,0,0,1,0,0,0,0,0,1,1,0,0,0,1,0,1,0.102409638554217,0.009375,0,0.466305638190824,0.5,1,1,1,1,0,0,0.4,1,0,1,1,0,0.121212121212121,0.106666666666667,0.8,0.8,1,0.118120805369128,0.118120805369128,0.000302737326618905,1,0,0,0,1,0,0,0,0,0,0,1,0,0,0,0,0,1,1,0,0,0,1,0,1,0.102409638554217,0.009375,0,0.466305638190824,0.5,1,1,1,1,0,0,0.4,1,0,1,1,0,0.121212121212121,0.106666666666667,0.8,1,1,0.118120805369128,0.118120805369128,0.000361382694833608,1,0,0,0,1,0,0,0,0,0,0,1,0,0,0,0,0,1,1,0,0,0,1,0,1,0.102409638554217,0.009375,0,0.466305638190824,0.5,1,1,1,1,0,0,0.2,1,0,1,1,0,0.139393939393939,0.106666666666667,0.8,1,1,0.118120805369128,0.118120805369128,0.00037947378303421,1,0,0,0,1,0,0,0,0,0,0,1,0,0,0,0,0,1,1,0,0,0,1,0,1,0.102409638554217,0.009375,0,0.466305638190824,0.5,1,1,1,1,0,0,0.2,1,0,1,1,0,0.139393939393939,0.106666666666667,0.8,1,1,0.118120805369128,0.118120805369128,0.000401414344003289,1,0,0,0,1,0,0,0,0,0,0,1,0,0,0,0,0,0,15
1,1,0,0,0,1,0,1,0.102409638554217,0.009375,0,0.466305638190824,0.5,1,1,1,1,0,0,0.4,1,0,1,1,0,0.121212121212121,0.106666666666667,0.8,0.8,1,0.118120805369128,0.118120805369128,0.000302737326618905,1,0,0,0,1,0,0,0,0,0,0,1,0,0,0,0,0,1,1,0,0,0,1,0,1,0.102409638554217,0.009375,0,0.466305638190824,0.5,1,1,1,1,0,0,0.4,1,0,1,1,0,0.121212121212121,0.106666666666667,0.8,1,1,0.118120805369128,0.118120805369128,0.000361382694833608,1,0,0,0,1,0,0,0,0,0,0,1,0,0,0,0,0,1,1,0,0,0,1,0,1,0.102409638554217,0.009375,0,0.466305638190824,0.5,1,1,1,1,0,0,0.2,1,0,1,1,0,0.139393939393939,0.106666666666667,0.8,1,1,0.118120805369128,0.118120805369128,0.00037957284949325,1,0,0,0,1,0,0,0,0,0,0,1,0,0,0,0,0,1,1,0,0,0,1,0,1,0.102409638554217,0.009375,0,0.466305638190824,0.5,1,1,1,1,0,0,0.2,1,0,1,1,0,0.139393939393939,0.106666666666667,0.8,1,1,0.118120805369128,0.118120805369128,0.000401437197101454,1,0,0,0,1,0,0,0,0,0,0,1,0,0,0,0,0,1,1,0,0,0,1,0,1,0.102409638554217,0.009375,0,0.466305638190824,0.5,1,1,1,1,0,0,0.2,1,0,1,1,0,0.139393939393939,0.106666666666667,0.8,0.8,1,0.118120805369128,0.118120805369128,0.000459603674437792,1,0,0,0,1,0,0,0,0,0,0,0,1,0,0,0,0,0,16
1,1,0,0,0,1,0,1,0.102409638554217,0.009375,0,0.466305638190824,0.5,1,1,1,1,0,0,0.4,1,0,1,1,0,0.121212121212121,0.106666666666667,0.8,1,1,0.118120805369128,0.118120805369128,0.000361382694833608,1,0,0,0,1,0,0,0,0,0,0,1,0,0,0,0,0,1,1,0,0,0,1,0,1,0.102409638554217,0.009375,0,0.466305638190824,0.5,1,1,1,1,0,0,0.2,1,0,1,1,0,0.139393939393939,0.106666666666667,0.8,1,1,0.118120805369128,0.118120805369128,0.00037957284949325,1,0,0,0,1,0,0,0,0,0,0,1,0,0,0,0,0,1,1,0,0,0,1,0,1,0.102409638554217,0.009375,0,0.466305638190824,0.5,1,1,1,1,0,0,0.2,1,0,1,1,0,0.139393939393939,0.106666666666667,0.8,1,1,0.118120805369128,0.118120805369128,0.000401541997389174,1,0,0,0,1,0,0,0,0,0,0,1,0,0,0,0,0,1,1,0,0,0,1,0,1,0.102409638554217,0.009375,0,0.466305638190824,0.5,1,1,1,1,0,0,0.2,1,0,1,1,0,0.139393939393939,0.106666666666667,0.8,0.8,1,0.118120805369128,0.118120805369128,0.000459629840338553,1,0,0,0,1,0,0,0,0,0,0,0,1,0,0,0,0,1,1,0,0,0,1,0,1,0.102409638554217,0.009375,0,0.466305638190824,0.5,1,1,1,1,0,0,0.6,1,0,1,1,0,0.117171717171717,0.106666666666667,0.8,0.8,1,0.118120805369128,0.118120805369128,0.000510029328206431,1,0,0,0,1,0,0,0,0,0,0,0,1,0,0,0,0,0,17
1,1,0,0,0,1,0,1,0.102409638554217,0.009375,0,0.466305638190824,0.5,1,1,1,1,0,0,0.2,1,0,1,1,0,0.139393939393939,0.106666666666667,0.8,1,1,0.118120805369128,0.118120805369128,0.00037957284949325,1,0,0,0,1,0,0,0,0,0,0,1,0,0,0,0,0,1,1,0,0,0,1,0,1,0.102409638554217,0.009375,0,0.466305638190824,0.5,1,1,1,1,0,0,0.2,1,0,1,1,0,0.139393939393939,0.106666666666667,0.8,1,1,0.118120805369128,0.118120805369128,0.000401541997389174,1,0,0,0,1,0,0,0,0,0,0,1,0,0,0,0,0,1,1,0,0,0,1,0,1,0.102409638554217,0.009375,0,0.466305638190824,0.5,1,1,1,1,0,0,0.2,1,0,1,1,0,0.139393939393939,0.106666666666667,0.8,0.8,1,0.118120805369128,0.118120805369128,0.000459749832556165,1,0,0,0,1,0,0,0,0,0,0,0,1,0,0,0,0,1,1,0,0,0,1,0,1,0.102409638554217,0.009375,0,0.466305638190824,0.5,1,1,1,1,0,0,0.6,1,0,1,1,0,0.117171717171717,0.106666666666667,0.8,0.8,1,0.118120805369128,0.118120805369128,0.000510058364912465,1,0,0,0,1,0,0,0,0,0,0,0,1,0,0,0,0,1,1,0,0,0,1,0,0,0.102409638554217,0.009375,0,0.466305638190824,0.5,1,1,1,1,0,0,0.6,1,0,1,1,0,0.117171717171717,0.106666666666667,0.8,0.8,1,0.118120805369128,0.118120805369128,0.000459215334523425,1,0,0,0,1,0,0,0,0,0,0,0,1,0,0,0,0,0,18
1,1,0,0,0,1,0,1,0.102409638554217,0.009375,0,0.466305638190824,0.5,1,1,1,1,0,0,0.2,1,0,1,1,0,0.139393939393939,0.106666666666667,0.8,1,1,0.118120805369128,0.118120805369128,0.000401541997389174,1,0,0,0,1,0,0,0,0,0,0,1,0,0,0,0,0,1,1,0,0,0,1,0,1,0.102409638554217,0.009375,0,0.466305638190824,0.5,1,1,1,1,0,0,0.2,1,0,1,1,0,0.139393939393939,0.106666666666667,0.8,0.8,1,0.118120805369128,0.118120805369128,0.000459749832556165,1,0,0,0,1,0,0,0,0,0,0,0,1,0,0,0,0,1,1,0,0,0,1,0,1,0.102409638554217,0.009375,0,0.466305638190824,0.5,1,1,1,1,0,0,0.6,1,0,1,1,0,0.117171717171717,0.106666666666667,0.8,0.8,1,0.118120805369128,0.118120805369128,0.00051019152213801,1,0,0,0,1,0,0,0,0,0,0,0,1,0,0,0,0,1,1,0,0,0,1,0,0,0.102409638554217,0.009375,0,0.466305638190824,0.5,1,1,1,1,0,0,0.6,1,0,1,1,0,0.117171717171717,0.106666666666667,0.8,0.8,1,0.118120805369128,0.118120805369128,0.000459241478315434,1,0,0,0,1,0,0,0,0,0,0,0,1,0,0,0,0,1,1,0,0,0,1,0,0,0.102409638554217,0.009375,0,0.466305638190824,0.5,1,1,1,1,0,0,0.8,1,0,1,1,0,0.118181818181818,0.106666666666667,0.8,0.8,1,0.118120805369128,0.118120805369128,0.000375638052852396,1,0,0,0,1,0,0,0,0,0,0,0,1,0,0,0,0,0,19
1,1,0,0,0,1,0,1,0.102409638554217,0.009375,0,0.466305638190824,0.5,1,1,1,1,0,0,0.2,1,0,1,1,0,0.139393939393939,0.106666666666667,0.8,0.8,1,0.118120805369128,0.118120805369128,0.000459749832556165,1,0,0,0,1,0,0,0,0,0,0,0,1,0,0,0,0,1,1,0,0,0,1,0,1,0.102409638554217,0.009375,0,0.466305638190824,0.5,1,1,1,1,0,0,0.6,1,0,1,1,0,0.117171717171717,0.106666666666667,0.8,0.8,1,0.118120805369128,0.118120805369128,0.00051019152213801,1,0,0,0,1,0,0,0,0,0,0,0,1,0,0,0,0,1,1,0,0,0,1,0,0,0.102409638554217,0.009375,0,0.466305638190824,0.5,1,1,1,1,0,0,0.6,1,0,1,1,0,0.117171717171717,0.106666666666667,0.8,0.8,1,0.118120805369128,0.118120805369128,0.000459361369146198,1,0,0,0,1,0,0,0,0,0,0,0,1,0,0,0,0,1,1,0,0,0,1,0,0,0.102409638554217,0.009375,0,0.466305638190824,0.5,1,1,1,1,0,0,0.8,1,0,1,1,0,0.118181818181818,0.106666666666667,0.8,0.8,1,0.118120805369128,0.118120805369128,0.00037565943846909,1,0,0,0,1,0,0,0,0,0,0,0,1,0,0,0,0,0.79,0.88,0,0,0,0,0,0,0.102409638554217,0.009375,0,0.466305638190824,0.5,1,0.91,1,1,0,0,0.6,1,0,1,1,0,0.117171717171717,0.106666666666667,0.6,0.8,1,0.118120805369128,0.118120805369128,0.000376605467036339,1,0,0,0,1,0,0,0,0,0,0,0,1,0,0,0,0,0,20
1,1,0,0,0,1,0,1,0.102409638554217,0.009375,0,0.466305638190824,0.5,1,1,1,1,0,0,0.6,1,0,1,1,0,0.117171717171717,0.106666666666667,0.8,0.8,1,0.118120805369128,0.118120805369128,0.00051019152213801,1,0,0,0,1,0,0,0,0,0,0,0,1,0,0,0,0,1,1,0,0,0,1,0,0,0.102409638554217,0.009375,0,0.466305638190824,0.5,1,1,1,1,0,0,0.6,1,0,1,1,0,0.117171717171717,0.106666666666667,0.8,0.8,1,0.118120805369128,0.118120805369128,0.000459361369146198,1,0,0,0,1,0,0,0,0,0,0,0,1,0,0,0,0,1,1,0,0,0,1,0,0,0.102409638554217,0.009375,0,0.466305638190824,0.5,1,1,1,1,0,0,0.8,1,0,1,1,0,0.118181818181818,0.106666666666667,0.8,0.8,1,0.118120805369128,0.118120805369128,0.000375757509144953,1,0,0,0,1,0,0,0,0,0,0,0,1,0,0,0,0,0.79,0.88,0,0,0,0,0,0,0.102409638554217,0.009375,0,0.466305638190824,0.5,1,0.91,1,1,0,0,0.6,1,0,1,1,0,0.117171717171717,0.106666666666667,0.6,0.8,1,0.118120805369128,0.118120805369128,0.00037662690772932,1,0,0,0,1,0,0,0,0,0,0,0,1,0,0,0,0,0.79,0.88,1,0,0,1,0,0,0.102409638554217,0.009375,0,0.466305638190824,0.5,0.978,0.88,1,1,0,0,0.6,1,0,0.963333333333333,0.978,0,0.117171717171717,0.106666666666667,0.6,0.8,1,0.118120805369128,0.118120805369128,0.000371650769729718,0.89,0,0,0,1,0,0,0,0,0,0,0,1,0,0,0,0,0,21
1,1,0,0,0,1,0,0,0.102409638554217,0.009375,0,0.466305638190824,0.5,1,1,1,1,0,0,0.6,1,0,1,1,0,0.117171717171717,0.106666666666667,0.8,0.8,1,0.118120805369128,0.118120805369128,0.000459361369146198,1,0,0,0,1,0,0,0,0,0,0,0,1,0,0,0,0,1,1,0,0,0,1,0,0,0.102409638554217,0.009375,0,0.466305638190824,0.5,1,1,1,1,0,0,0.8,1,0,1,1,0,0.118181818181818,0.106666666666667,0.8,0.8,1,0.118120805369128,0.118120805369128,0.000375757509144953,1,0,0,0,1,0,0,0,0,0,0,0,1,0,0,0,0,0.79,0.88,0,0,0,0,0,0,0.102409638554217,0.009375,0,0.466305638190824,0.5,1,0.91,1,1,0,0,0.6,1,0,1,1,0,0.117171717171717,0.106666666666667,0.6,0.8,1,0.118120805369128,0.118120805369128,0.000376725230975342,1,0,0,0,1,0,0,0,0,0,0,0,1,0,0,0,0,0.79,0.88,1,0,0,1,0,0,0.102409638554217,0.009375,0,0.466305638190824,0.5,0.978,0.88,1,1,0,0,0.6,1,0,0.963333333333333,0.978,0,0.117171717171717,0.106666666666667,0.6,0.8,1,0.118120805369128,0.118120805369128,0.000371671928344628,0.89,0,0,0,1,0,0,0,0,0,0,0,1,0,0,0,0,0.79,0.88,1,0,0,1,0,0,0.102409638554217,0.009375,0,0.466305638190824,0.5,0.804,0.88,1,1,0,0,0.8,1,0,0.755,0.804,0,0.118181818181818,0.106666666666667,0.6,0.8,1,0.118120805369128,0.118120805369128,0.000358241390957592,0.89,0,0,0,1,0,0,0,0,0,0,0,1,0,0,0,0,0,22
1,1,0,0,0,1,0,0,0.102409638554217,0.009375,0,0.466305638190824,0.5,1,1,1,1,0,0,0.8,1,0,1,1,0,0.118181818181818,0.106666666666667,0.8,0.8,1,0.118120805369128,0.118120805369128,0.000375757509144953,1,0,0,0,1,0,0,0,0,0,0,0,1,0,0,0,0,0.79,0.88,0,0,0,0,0,0,0.102409638554217,0.009375,0,0.466305638190824,0.5,1,0.91,1,1,0,0,0.6,1,0,1,1,0,0.117171717171717,0.106666666666667,0.6,0.8,1,0.118120805369128,0.118120805369128,0.000376725230975342,1,0,0,0,1,0,0,0,0,0,0,0,1,0,0,0,0,0.79,0.88,1,0,0,1,0,0,0.102409638554217,0.009375,0,0.466305638190824,0.5,0.978,0.88,1,1,0,0,0.6,1,0,0.963333333333333,0.978,0,0.117171717171717,0.106666666666667,0.6,0.8,1,0.118120805369128,0.118120805369128,0.00037176895803024,0.89,0,0,0,1,0,0,0,0,0,0,0,1,0,0,0,0,0.79,0.88,1,0,0,1,0,0,0.102409638554217,0.009375,0,0.466305638190824,0.5,0.804,0.88,1,1,0,0,0.8,1,0,0.755,0.804,0,0.118181818181818,0.106666666666667,0.6,0.8,1,0.118120805369128,0.118120805369128,0.000358261786157207,0.89,0,0,0,1,0,0,0,0,0,0,0,1,0,0,0,0,0.79,0.88,1,0,0,1,0,0,0.102409638554217,0.009375,0,0.466305638190824,0.5,0.804,0.88,1,1,0,0,0.8,1,0,0.755,0.804,0,0.118181818181818,0.106666666666667,0.6,0.8,0.8,0.118120805369128,0.118120805369128,0.00039074628909086,0.89,0,0,0,1,0,0,0,0,0,0,0,1,0,0,0,0,0,23
0.79,0.88,0,0,0,0,0,0,0.102409638554217,0.009375,0,0.466305638190824,0.5,1,0.91,1,1,0,0,0.6,1,0,1,1,0,0.117171717171717,0.106666666666667,0.6,0.8,1,0.118120805369128,0.118120805369128,0.000376725230975342,1,0,0,0,1,0,0,0,0,0,0,0,1,0,0,0,0,0.79,0.88,1,0,0,1,0,0,0.102409638554217,0.009375,0,0.466305638190824,0.5,0.978,0.88,1,1,0,0,0.6,1,0,0.963333333333333,0.978,0,0.117171717171717,0.106666666666667,0.6,0.8,1,0.118120805369128,0.118120805369128,0.00037176895803024,0.89,0,0,0,1,0,0,0,0,0,0,0,1,0,0,0,0,0.79,0.88,1,0,0,1,0,0,0.102409638554217,0.009375,0,0.466305638190824,0.5,0.804,0.88,1,1,0,0,0.8,1,0,0.755,0.804,0,0.118181818181818,0.106666666666667,0.6,0.8,1,0.118120805369128,0.118120805369128,0.000358355314954587,0.89,0,0,0,1,0,0,0,0,0,0,0,1,0,0,0,0,0.79,0.88,1,0,0,1,0,0,0.102409638554217,0.009375,0,0.466305638190824,0.5,0.804,0.88,1,1,0,0,0.8,1,0,0.755,0.804,0,0.118181818181818,0.106666666666667,0.6,0.8,0.8,0.118120805369128,0.118120805369128,0.000390768534841257,0.89,0,0,0,1,0,0,0,0,0,0,0,1,0,0,0,0,0.79,0.88,1,0,0,1,0,0,0.102409638554217,0.009375,0,0.466305638190824,0.5,0.804,0.88,1,1,0,0,0.6,1,0,0.673333333333333,0.804,0,0.123232323232323,0.106666666666667,0.6,0.8,0.8,0.118120805369128,0.118120805369128,0.000418231089772875,0.89,0,0,0,1,0,0,0,0,0,0,0,1,0,0,0,0,0,24
0.79,0.88,1,0,0,1,0,0,0.102409638554217,0.009375,0,0.466305638190824,0.5,0.978,0.88,1,1,0,0,0.6,1,0,0.963333333333333,0.978,0,0.117171717171717,0.106666666666667,0.6,0.8,1,0.118120805369128,0.118120805369128,0.00037176895803024,0.89,0,0,0,1,0,0,0,0,0,0,0,1,0,0,0,0,0.79,0.88,1,0,0,1,0,0,0.102409638554217,0.009375,0,0.466305638190824,0.5,0.804,0.88,1,1,0,0,0.8,1,0,0.755,0.804,0,0.118181818181818,0.106666666666667,0.6,0.8,1,0.118120805369128,0.118120805369128,0.000358355314954587,0.89,0,0,0,1,0,0,0,0,0,0,0,1,0,0,0,0,0.79,0.88,1,0,0,1,0,0,0.102409638554217,0.009375,0,0.466305638190824,0.5,0.804,0.88,1,1,0,0,0.8,1,0,0.755,0.804,0,0.118181818181818,0.106666666666667,0.6,0.8,0.8,0.118120805369128,0.118120805369128,0.000390870549938959,0.89,0,0,0,1,0,0,0,0,0,0,0,1,0,0,0,0,0.79,0.88,1,0,0,1,0,0,0.102409638554217,0.009375,0,0.466305638190824,0.5,0.804,0.88,1,1,0,0,0.6,1,0,0.673333333333333,0.804,0,0.123232323232323,0.106666666666667,0.6,0.8,0.8,0.118120805369128,0.118120805369128,0.000418254900272657,0.89,0,0,0,1,0,0,0,0,0,0,0,1,0,0,0,0,0.79,0.88,1,0,0,1,0,0,0.102409638554217,0.009375,0,0.466305638190824,0.5,0.804,0.88,1,1,0,0,0.4,1,0,0.945,0.804,0,0.124242424242424,0.106666666666667,0.6,0.8,0.8,0.118120805369128,0.118120805369128,0.000408017369029216,0.89,0,0,0,1,0,0,0,0,0,0,0,1,0,0,0,0,0,25
0.79,0.88,1,0,0,1,0,0,0.102409638554217,0.009375,0,0.466305638190824,0.5,0.804,0.88,1,1,0,0,0.8,1,0,0.755,0.804,0,0.118181818181818,0.106666666666667,0.6,0.8,1,0.118120805369128,0.118120805369128,0.000358355314954587,0.89,0,0,0,1,0,0,0,0,0,0,0,1,0,0,0,0,0.79,0.88,1,0,0,1,0,0,0.102409638554217,0.009375,0,0.466305638190824,0.5,0.804,0.88,1,1,0,0,0.8,1,0,0.755,0.804,0,0.118181818181818,0.106666666666667,0.6,0.8,0.8,0.118120805369128,0.118120805369128,0.000390870549938959,0.89,0,0,0,1,0,0,0,0,0,0,0,1,0,0,0,0,0.79,0.88,1,0,0,1,0,0,0.102409638554217,0.009375,0,0.466305638190824,0.5,0.804,0.88,1,1,0,0,0.6,1,0,0.673333333333333,0.804,0,0.123232323232323,0.106666666666667,0.6,0.8,0.8,0.118120805369128,0.118120805369128,0.000418364091035758,0.89,0,0,0,1,0,0,0,0,0,0,0,1,0,0,0,0,0.79,0.88,1,0,0,1,0,0,0.102409638554217,0.009375,0,0.466305638190824,0.5,0.804,0.88,1,1,0,0,0.4,1,0,0.945,0.804,0,0.124242424242424,0.106666666666667,0.6,0.8,0.8,0.118120805369128,0.118120805369128,0.00040804059804713,0.89,0,0,0,1,0,0,0,0,0,0,0,1,0,0,0,0,0.79,0.88,0,0,0,1,0,0,0.102409638554217,0.009375,0,0.466305638190824,0.5,0.804,0.88,1,1,0,0,0.2,1,0,0.89,0.804,0,0.109090909090909,0.106666666666667,0.4,0.6,0.8,0.118120805369128,0.118120805369128,0.000366776520777994,0.89,0,0,0,1,0,0,0,0,0,0,0,1,0,0,0,0,0,26
0.79,0.88,1,0,0,1,0,0,0.102409638554217,0.009375,0,0.466305638190824,0.5,0.804,0.88,1,1,0,0,0.8,1,0,0.755,0.804,0,0.118181818181818,0.106666666666667,0.6,0.8,0.8,0.118120805369128,0.118120805369128,0.000390870549938959,0.89,0,0,0,1,0,0,0,0,0,0,0,1,0,0,0,0,0.79,0.88,1,0,0,1,0,0,0.102409638554217,0.009375,0,0.466305638190824,0.5,0.804,0.88,1,1,0,0,0.6,1,0,0.673333333333333,0.804,0,0.123232323232323,0.106666666666667,0.6,0.8,0.8,0.118120805369128,0.118120805369128,0.000418364091035758,0.89,0,0,0,1,0,0,0,0,0,0,0,1,0,0,0,0,0.79,0.88,1,0,0,1,0,0,0.102409638554217,0.009375,0,0.466305638190824,0.5,0.804,0.88,1,1,0,0,0.4,1,0,0.945,0.804,0,0.124242424242424,0.106666666666667,0.6,0.8,0.8,0.118120805369128,0.118120805369128,0.000408147122236681,0.89,0,0,0,1,0,0,0,0,0,0,0,1,0,0,0,0,0.79,0.88,0,0,0,1,0,0,0.102409638554217,0.009375,0,0.466305638190824,0.5,0.804,0.88,1,1,0,0,0.2,1,0,0.89,0.804,0,0.109090909090909,0.106666666666667,0.4,0.6,0.8,0.118120805369128,0.118120805369128,0.000366797401894873,0.89,0,0,0,1,0,0,0,0,0,0,0,1,0,0,0,0,0.79,0.88,0,0,0,1,0,0,0.102409638554217,0.009375,0,0.466305638190824,0.5,0.804,0.88,1,1,0,0,0.2,1,0,0.89,0.804,0,0.109090909090909,0.106666666666667,0.2,0.6,0.8,0.118120805369128,0.118120805369128,0.000312528391735671,0.89,0,0,0,1,0,0,0,0,0,0,0,1,0,0,0,0,0,27
0.79,0.88,1,0,0,1,0,0,0.102409638554217,0.009375,0,0.466305638190824,0.5,0.804,0.88,1,1,0,0,0.6,1,0,0.673333333333333,0.804,0,0.123232323232323,0.106666666666667,0.6,0.8,0.8,0.118120805369128,0.118120805369128,0.000418364091035758,0.89,0,0,0,1,0,0,0,0,0,0,0,1,0,0,0,0,0.79,0.88,1,0,0,1,0,0,0.102409638554217,0.009375,0,0.466305638190824,0.5,0.804,0.88,1,1,0,0,0.4,1,0,0.945,0.804,0,0.124242424242424,0.106666666666667,0.6,0.8,0.8,0.118120805369128,0.118120805369128,0.000408147122236681,0.89,0,0,0,1,0,0,0,0,0,0,0,1,0,0,0,0,0.79,0.88,0,0,0,1,0,0,0.102409638554217,0.009375,0,0.466305638190824,0.5,0.804,0.88,1,1,0,0,0.2,1,0,0.89,0.804,0,0.109090909090909,0.106666666666667,0.4,0.6,0.8,0.118120805369128,0.118120805369128,0.000366893159023338,0.89,0,0,0,1,0,0,0,0,0,0,0,1,0,0,0,0,0.79,0.88,0,0,0,1,0,0,0.102409638554217,0.009375,0,0.466305638190824,0.5,0.804,0.88,1,1,0,0,0.2,1,0,0.89,0.804,0,0.109090909090909,0.106666666666667,0.2,0.6,0.8,0.118120805369128,0.118120805369128,0.00031254618442824,0.89,0,0,0,1,0,0,0,0,0,0,0,1,0,0,0,0,0.79,0.88,0,0,0,1,0,0,0.102409638554217,0.009375,0,0.466305638190824,0.5,0.804,0.88,1,1,0,0.2,0.2,1,0.89,0.89,0.804,0.109090909090909,0.109090909090909,0.106666666666667,0.2,0.4,0.8,0.118120805369128,0.118120805369128,0.000257654979024438,0.89,0,0,0,1,0,0,0,0,0,0,0,1,0,0,0,0,0,28
0.79,0.88,1,0,0,1,0,0,0.102409638554217,0.009375,0,0.466305638190824,0.5,0.804,0.88,1,1,0,0,0.4,1,0,0.945,0.804,0,0.124242424242424,0.106666666666667,0.6,0.8,0.8,0.118120805369128,0.118120805369128,0.000408147122236681,0.89,0,0,0,1,0,0,0,0,0,0,0,1,0,0,0,0,0.79,0.88,0,0,0,1,0,0,0.102409638554217,0.009375,0,0.466305638190824,0.5,0.804,0.88,1,1,0,0,0.2,1,0,0.89,0.804,0,0.109090909090909,0.106666666666667,0.4,0.6,0.8,0.118120805369128,0.118120805369128,0.000366893159023338,0.89,0,0,0,1,0,0,0,0,0,0,0,1,0,0,0,0,0.79,0.88,0,0,0,1,0,0,0.102409638554217,0.009375,0,0.466305638190824,0.5,0.804,0.88,1,1,0,0,0.2,1,0,0.89,0.804,0,0.109090909090909,0.106666666666667,0.2,0.6,0.8,0.118120805369128,0.118120805369128,0.000312627778586156,0.89,0,0,0,1,0,0,0,0,0,0,0,1,0,0,0,0,0.79,0.88,0,0,0,1,0,0,0.102409638554217,0.009375,0,0.466305638190824,0.5,0.804,0.88,1,1,0,0.2,0.2,1,0.89,0.89,0.804,0.109090909090909,0.109090909090909,0.106666666666667,0.2,0.4,0.8,0.118120805369128,0.118120805369128,0.000257669647694395,0.89,0,0,0,1,0,0,0,0,0,0,0,1,0,0,0,0,0.79,0.88,0,0,0,1,0,1,0.102409638554217,0.009375,0,0.466305638190824,0.5,0.804,0.88,1,1,0,0.2,0.2,1,0.89,0.89,0.804,0.109090909090909,0.109090909090909,0.106666666666667,0.4,0.6,0.8,0.118120805369128,0.118120805369128,0.000251977520893564,0.89,0,0,0,1,0,0,0,0,0,0,0,1,0,0,0,0,0,29
0.79,0.88,0,0,0,1,0,0,0.102409638554217,0.009375,0,0.466305638190824,0.5,0.804,0.88,1,1,0,0,0.2,1,0,0.89,0.804,0,0.109090909090909,0.106666666666667,0.4,0.6,0.8,0.118120805369128,0.118120805369128,0.000366893159023338,0.89,0,0,0,1,0,0,0,0,0,0,0,1,0,0,0,0,0.79,0.88,0,0,0,1,0,0,0.102409638554217,0.009375,0,0.466305638190824,0.5,0.804,0.88,1,1,0,0,0.2,1,0,0.89,0.804,0,0.109090909090909,0.106666666666667,0.2,0.6,0.8,0.118120805369128,0.118120805369128,0.000312627778586156,0.89,0,0,0,1,0,0,0,0,0,0,0,1,0,0,0,0,0.79,0.88,0,0,0,1,0,0,0.102409638554217,0.009375,0,0.466305638190824,0.5,0.804,0.88,1,1,0,0.2,0.2,1,0.89,0.89,0.804,0.109090909090909,0.109090909090909,0.106666666666667,0.2,0.4,0.8,0.118120805369128,0.118120805369128,0.000257736915634213,0.89,0,0,0,1,0,0,0,0,0,0,0,1,0,0,0,0,0.79,0.88,0,0,0,1,0,1,0.102409638554217,0.009375,0,0.466305638190824,0.5,0.804,0.88,1,1,0,0.2,0.2,1,0.89,0.89,0.804,0.109090909090909,0.109090909090909,0.106666666666667,0.4,0.6,0.8,0.118120805369128,0.118120805369128,0.000251991866337633,0.89,0,0,0,1,0,0,0,0,0,0,0,1,0,0,0,0,0.79,0.88,0,0,0,1,0,1,0.102409638554217,0.009375,0,0.466305638190824,0.5,0.804,0.88,1,1,0,0.2,0.4,1,0.89,0.945,0.804,0.109090909090909,0.124242424242424,0.106666666666667,0.4,0.6,0.8,0.118120805369128,0.118120805369128,0.000244640020246434,0.89,0,0,0,1,0,0,0,0,0,0,0,1,0,0,0,0,0,30
0.79,0.88,0,0,0,1,0,0,0.102409638554217,0.009375,0,0.466305638190824,0.5,0.804,0.88,1,1,0,0,0.2,1,0,0.89,0.804,0,0.109090909090909,0.106666666666667,0.2,0.6,0.8,0.118120805369128,0.118120805369128,0.000312627778586156,0.89,0,0,0,1,0,0,0,0,0,0,0,1,0,0,0,0,0.79,0.88,0,0,0,1,0,0,0.102409638554217,0.009375,0,0.466305638190824,0.5,0.804,0.88,1,1,0,0.2,0.2,1,0.89,0.89,0.804,0.109090909090909,0.109090909090909,0.106666666666667,0.2,0.4,0.8,0.118120805369128,0.118120805369128,0.000257736915634213,0.89,0,0,0,1,0,0,0,0,0,0,0,1,0,0,0,0,0.79,0.88,0,0,0,1,0,1,0.102409638554217,0.009375,0,0.466305638190824,0.5,0.804,0.88,1,1,0,0.2,0.2,1,0.89,0.89,0.804,0.109090909090909,0.109090909090909,0.106666666666667,0.4,0.6,0.8,0.118120805369128,0.118120805369128,0.00025205765202039,0.89,0,0,0,1,0,0,0,0,0,0,0,1,0,0,0,0,0.79,0.88,0,0,0,1,0,1,0.102409638554217,0.009375,0,0.466305638190824,0.5,0.804,0.88,1,1,0,0.2,0.4,1,0.89,0.945,0.804,0.109090909090909,0.124242424242424,0.106666666666667,0.4,0.6,0.8,0.118120805369128,0.118120805369128,0.000244653947955998,0.89,0,0,0,1,0,0,0,0,0,0,0,1,0,0,0,0,0.79,0.88,0,0,0,1,0,1,0.102409638554217,0.009375,0,0.466305638190824,0.5,0.804,0.88,1,1,0,0,0.4,1,0,0.945,0.804,0,0.124242424242424,0.106666666666667,0.4,0.6,0.8,0.118120805369128,0.118120805369128,0.000307082346780602,0.89,0,0,0,1,0,0,0,0,0,0,0,1,0,0,0,0,0,31
0.79,0.88,0,0,0,1,0,0,0.102409638554217,0.009375,0,0.466305638190824,0.5,0.804,0.88,1,1,0,0.2,0.2,1,0.89,0.89,0.804,0.109090909090909,0.109090909090909,0.106666666666667,0.2,0.4,0.8,0.118120805369128,0.118120805369128,0.000257736915634213,0.89,0,0,0,1,0,0,0,0,0,0,0,1,0,0,0,0,0.79,0.88,0,0,0,1,0,1,0.102409638554217,0.009375,0,0.466305638190824,0.5,0.804,0.88,1,1,0,0.2,0.2,1,0.89,0.89,0.804,0.109090909090909,0.109090909090909,0.106666666666667,0.4,0.6,0.8,0.118120805369128,0.118120805369128,0.00025205765202039,0.89,0,0,0,1,0,0,0,0,0,0,0,1,0,0,0,0,0.79,0.88,0,0,0,1,0,1,0.102409638554217,0.009375,0,0.466305638190824,0.5,0.804,0.88,1,1,0,0.2,0.4,1,0.89,0.945,0.804,0.109090909090909,0.124242424242424,0.106666666666667,0.4,0.6,0.8,0.118120805369128,0.118120805369128,0.000244717817981802,0.89,0,0,0,1,0,0,0,0,0,0,0,1,0,0,0,0,0.79,0.88,0,0,0,1,0,1,0.102409638554217,0.009375,0,0.466305638190824,0.5,0.804,0.88,1,1,0,0,0.4,1,0,0.945,0.804,0,0.124242424242424,0.106666666666667,0.4,0.6,0.8,0.118120805369128,0.118120805369128,0.00030709982942197,0.89,0,0,0,1,0,0,0,0,0,0,0,1,0,0,0,0,0.79,0.88,0,0,0,1,0,1,0.102409638554217,0.009375,0,0.466305638190824,0.5,0.804,0.88,1,1,0,0,0.2,1,0,0.89,0.804,0,0.109090909090909,0.106666666666667,0.2,0.6,0.8,0.118120805369128,0.118120805369128,0.000376701284625889,0.89,0,0,0,1,0,0,0,0,0,0,0,1,0,0,0,0,0,32
0.79,0.88,0,0,0,1,0,1,0.102409638554217,0.009375,0,0.466305638190824,0.5,0.804,0.88,1,1,0,0.2,0.2,1,0.89,0.89,0.804,0.109090909090909,0.109090909090909,0.106666666666667,0.4,0.6,0.8,0.118120805369128,0.118120805369128,0.00025205765202039,0.89,0,0,0,1,0,0,0,0,0,0,0,1,0,0,0,0,0.79,0.88,0,0,0,1,0,1,0.102409638554217,0.009375,0,0.466305638190824,0.5,0.804,0.88,1,1,0,0.2,0.4,1,0.89,0.945,0.804,0.109090909090909,0.124242424242424,0.106666666666667,0.4,0.6,0.8,0.118120805369128,0.118120805369128,0.000244717817981802,0.89,0,0,0,1,0,0,0,0,0,0,0,1,0,0,0,0,0.79,0.88,0,0,0,1,0,1,0.102409638554217,0.009375,0,0.466305638190824,0.5,0.804,0.88,1,1,0,0,0.4,1,0,0.945,0.804,0,0.124242424242424,0.106666666666667,0.4,0.6,0.8,0.118120805369128,0.118120805369128,0.000307180001739619,0.89,0,0,0,1,0,0,0,0,0,0,0,1,0,0,0,0,0.79,0.88,0,0,0,1,0,1,0.102409638554217,0.009375,0,0.466305638190824,0.5,0.804,0.88,1,1,0,0,0.2,1,0,0.89,0.804,0,0.109090909090909,0.106666666666667,0.2,0.6,0.8,0.118120805369128,0.118120805369128,0.000376722730773904,0.89,0,0,0,1,0,0,0,0,0,0,0,1,0,0,0,0,0.79,0.88,0,0,0,1,0,0,0.102409638554217,0.009375,0,0.466305638190824,0.5,0.804,0.88,1,1,0,0,0.2,0.8,0,0.89,0.755,0,0.109090909090909,0.118181818181818,0.2,0.8,0.8,0.118120805369128,0.118120805369128,0.000460245029482681,0.89,0,0,0,1,0,0,0,0,0,0,0,1,0,0,0,0,0,33
0.79,0.88,0,0,0,1,0,1,0.102409638554217,0.009375,0,0.466305638190824,0.5,0.804,0.88,1,1,0,0.2,0.4,1,0.89,0.945,0.804,0.109090909090909,0.124242424242424,0.106666666666667,0.4,0.6,0.8,0.118120805369128,0.118120805369128,0.000244717817981802,0.89,0,0,0,1,0,0,0,0,0,0,0,1,0,0,0,0,0.79,0.88,0,0,0,1,0,1,0.102409638554217,0.009375,0,0.466305638190824,0.5,0.804,0.88,1,1,0,0,0.4,1,0,0.945,0.804,0,0.124242424242424,0.106666666666667,0.4,0.6,0.8,0.118120805369128,0.118120805369128,0.000307180001739619,0.89,0,0,0,1,0,0,0,0,0,0,0,1,0,0,0,0,0.79,0.88,0,0,0,1,0,1,0.102409638554217,0.009375,0,0.466305638190824,0.5,0.804,0.88,1,1,0,0,0.2,1,0,0.89,0.804,0,0.109090909090909,0.106666666666667,0.2,0.6,0.8,0.118120805369128,0.118120805369128,0.000376821079035751,0.89,0,0,0,1,0,0,0,0,0,0,0,1,0,0,0,0,0.79,0.88,0,0,0,1,0,0,0.102409638554217,0.009375,0,0.466305638190824,0.5,0.804,0.88,1,1,0,0,0.2,0.8,0,0.89,0.755,0,0.109090909090909,0.118181818181818,0.2,0.8,0.8,0.118120805369128,0.118120805369128,0.000460271231896711,0.89,0,0,0,1,0,0,0,0,0,0,0,1,0,0,0,0,0.79,0.88,0,0,0,1,0,0,0.102409638554217,0.009375,0,0.466305638190824,0.5,0.804,0.88,1,1,0,0,0.2,0.8,0,0.89,0.755,0,0.109090909090909,0.118181818181818,0.2,0.8,0.8,0.118120805369128,0.118120805369128,0.000536492441197932,0.89,0,0,0,1,0,0,0,0,0,0,0,1,0,0,0,0,0,34
0.79,0.88,0,0,0,1,0,1,0.102409638554217,0.009375,0,0.466305638190824,0.5,0.804,0.88,1,1,0,0,0.4,1,0,0.945,0.804,0,0.124242424242424,0.106666666666667,0.4,0.6,0.8,0.118120805369128,0.118120805369128,0.000307180001739619,0.89,0,0,0,1,0,0,0,0,0,0,0,1,0,0,0,0,0.79,0.88,0,0,0,1,0,1,0.102409638554217,0.009375,0,0.466305638190824,0.5,0.804,0.88,1,1,0,0,0.2,1,0,0.89,0.804,0,0.109090909090909,0.106666666666667,0.2,0.6,0.8,0.118120805369128,0.118120805369128,0.000376821079035751,0.89,0,0,0,1,0,0,0,0,0,0,0,1,0,0,0,0,0.79,0.88,0,0,0,1,0,0,0.102409638554217,0.009375,0,0.466305638190824,0.5,0.804,0.88,1,1,0,0,0.2,0.8,0,0.89,0.755,0,0.109090909090909,0.118181818181818,0.2,0.8,0.8,0.118120805369128,0.118120805369128,0.000460391391557749,0.89,0,0,0,1,0,0,0,0,0,0,0,1,0,0,0,0,0.79,0.88,0,0,0,1,0,0,0.102409638554217,0.009375,0,0.466305638190824,0.5,0.804,0.88,1,1,0,0,0.2,0.8,0,0.89,0.755,0,0.109090909090909,0.118181818181818,0.2,0.8,0.8,0.118120805369128,0.118120805369128,0.000536522984487196,0.89,0,0,0,1,0,0,0,0,0,0,0,1,0,0,0,0,0.79,0.88,0,0,0,1,0,1,0.102409638554217,0.009375,0,0.466305638190824,0.5,0.804,0.88,1,1,0,0,0.2,0.8,0,0.89,0.755,0,0.109090909090909,0.118181818181818,0.8,0.8,0.8,0.118120805369128,0.118120805369128,0.000557551692598176,0.89,0,0,0,1,0,0,0,0,0,0,0,1,0,0,0,0,0,35
0.79,0.88,0,0,0,1,0,1,0.102409638554217,0.009375,0,0.466305638190824,0.5,0.804,0.88,1,1,0,0,0.2,1,0,0.89,0.804,0,0.109090909090909,0.106666666666667,0.2,0.6,0.8,0.118120805369128,0.118120805369128,0.000376821079035751,0.89,0,0,0,1,0,0,0,0,0,0,0,1,0,0,0,0,0.79,0.88,0,0,0,1,0,0,0.102409638554217,0.009375,0,0.466305638190824,0.5,0.804,0.88,1,1,0,0,0.2,0.8,0,0.89,0.755,0,0.109090909090909,0.118181818181818,0.2,0.8,0.8,0.118120805369128,0.118120805369128,0.000460391391557749,0.89,0,0,0,1,0,0,0,0,0,0,0,1,0,0,0,0,0.79,0.88,0,0,0,1,0,0,0.102409638554217,0.009375,0,0.466305638190824,0.5,0.804,0.88,1,1,0,0,0.2,0.8,0,0.89,0.755,0,0.109090909090909,0.118181818181818,0.2,0.8,0.8,0.118120805369128,0.118120805369128,0.000536663050638386,0.89,0,0,0,1,0,0,0,0,0,0,0,1,0,0,0,0,0.79,0.88,0,0,0,1,0,1,0.102409638554217,0.009375,0,0.466305638190824,0.5,0.804,0.88,1,1,0,0,0.2,0.8,0,0.89,0.755,0,0.109090909090909,0.118181818181818,0.8,0.8,0.8,0.118120805369128,0.118120805369128,0.000557583434821028,0.89,0,0,0,1,0,0,0,0,0,0,0,1,0,0,0,0,0.79,0.88,0,0,0,1,0,1,0.102409638554217,0.009375,0,0.466305638190824,0.5,0.804,0.88,1,1,0,0,0,1,0,0,0.804,0,0,0.106666666666667,0.8,0.8,0.8,0.118120805369128,0.118120805369128,0.0006359618580257,1,0,0,0,1,0,0,0,0,0,0,0,1,0,0,0,0,0,36
0.79,0.88,0,0,0,1,0,0,0.102409638554217,0.009375,0,0.466305638190824,0.5,0.804,0.88,1,1,0,0,0.2,0.8,0,0.89,0.755,0,0.109090909090909,0.118181818181818,0.2,0.8,0.8,0.118120805369128,0.118120805369128,0.000460391391557749,0.89,0,0,0,1,0,0,0,0,0,0,0,1,0,0,0,0,0.79,0.88,0,0,0,1,0,0,0.102409638554217,0.009375,0,0.466305638190824,0.5,0.804,0.88,1,1,0,0,0.2,0.8,0,0.89,0.755,0,0.109090909090909,0.118181818181818,0.2,0.8,0.8,0.118120805369128,0.118120805369128,0.000536663050638386,0.89,0,0,0,1,0,0,0,0,0,0,0,1,0,0,0,0,0.79,0.88,0,0,0,1,0,1,0.102409638554217,0.009375,0,0.466305638190824,0.5,0.804,0.88,1,1,0,0,0.2,0.8,0,0.89,0.755,0,0.109090909090909,0.118181818181818,0.8,0.8,0.8,0.118120805369128,0.118120805369128,0.000557728999070726,0.89,0,0,0,1,0,0,0,0,0,0,0,1,0,0,0,0,0.79,0.88,0,0,0,1,0,1,0.102409638554217,0.009375,0,0.466305638190824,0.5,0.804,0.88,1,1,0,0,0,1,0,0,0.804,0,0,0.106666666666667,0.8,0.8,0.8,0.118120805369128,0.118120805369128,0.000635998064252478,1,0,0,0,1,0,0,0,0,0,0,0,1,0,0,0,0,0.79,0.88,0,0,0,1,0,1,0.102409638554217,0.009375,0,0.466305638190824,0.5,0.804,0.88,1,1,0,0,0,1,0,0,0.804,0,0,0.106666666666667,0.8,0.8,0.8,0.118120805369128,0.118120805369128,0.000708310028436621,1,0,0,0,1,0,0,0,0,0,0,0,1,0,0,0,0,0,37
0.79,0.88,0,0,0,1,0,0,0.102409638554217,0.009375,0,0.466305638190824,0.5,0.804,0.88,1,1,0,0,0.2,0.8,0,0.89,0.755,0,0.109090909090909,0.118181818181818,0.2,0.8,0.8,0.118120805369128,0.118120805369128,0.000536663050638386,0.89,0,0,0,1,0,0,0,0,0,0,0,1,0,0,0,0,0.79,0.88,0,0,0,1,0,1,0.102409638554217,0.009375,0,0.466305638190824,0.5,0.804,0.88,1,1,0,0,0.2,0.8,0,0.89,0.755,0,0.109090909090909,0.118181818181818,0.8,0.8,0.8,0.118120805369128,0.118120805369128,0.000557728999070726,0.89,0,0,0,1,0,0,0,0,0,0,0,1,0,0,0,0,0.79,0.88,0,0,0,1,0,1,0.102409638554217,0.009375,0,0.466305638190824,0.5,0.804,0.88,1,1,0,0,0,1,0,0,0.804,0,0,0.106666666666667,0.8,0.8,0.8,0.118120805369128,0.118120805369128,0.000636164099638846,1,0,0,0,1,0,0,0,0,0,0,0,1,0,0,0,0,0.79,0.88,0,0,0,1,0,1,0.102409638554217,0.009375,0,0.466305638190824,0.5,0.804,0.88,1,1,0,0,0,1,0,0,0.804,0,0,0.106666666666667,0.8,0.8,0.8,0.118120805369128,0.118120805369128,0.000708350353549197,1,0,0,0,1,0,0,0,0,0,0,0,1,0,0,0,0,0.79,0.88,0,0,0,1,0,0,0.102409638554217,0.009375,0,0.466305638190824,0.5,0.804,0.88,1,1,0,0,0,0.8,0,0,0.755,0,0,0.118181818181818,0.6,0.8,0.8,0.118120805369128,0.118120805369128,0.000759865459033332,0.13,0,0,0,1,0,0,0,0,0,0,0,1,0,0,0,0,0,38
0.79,0.88,0,0,0,1,0,1,0.102409638554217,0.009375,0,0.466305638190824,0.5,0.804,0.88,1,1,0,0,0.2,0.8,0,0.89,0.755,0,0.109090909090909,0.118181818181818,0.8,0.8,0.8,0.118120805369128,0.118120805369128,0.000557728999070726,0.89,0,0,0,1,0,0,0,0,0,0,0,1,0,0,0,0,0.79,0.88,0,0,0,1,0,1,0.102409638554217,0.009375,0,0.466305638190824,0.5,0.804,0.88,1,1,0,0,0,1,0,0,0.804,0,0,0.106666666666667,0.8,0.8,0.8,0.118120805369128,0.118120805369128,0.000636164099638846,1,0,0,0,1,0,0,0,0,0,0,0,1,0,0,0,0,0.79,0.88,0,0,0,1,0,1,0.102409638554217,0.009375,0,0.466305638190824,0.5,0.804,0.88,1,1,0,0,0,1,0,0,0.804,0,0,0.106666666666667,0.8,0.8,0.8,0.118120805369128,0.118120805369128,0.000708535277421211,1,0,0,0,1,0,0,0,0,0,0,0,1,0,0,0,0,0.79,0.88,0,0,0,1,0,0,0.102409638554217,0.009375,0,0.466305638190824,0.5,0.804,0.88,1,1,0,0,0,0.8,0,0,0.755,0,0,0.118181818181818,0.6,0.8,0.8,0.118120805369128,0.118120805369128,0.000759908719271008,0.13,0,0,0,1,0,0,0,0,0,0,0,1,0,0,0,0,0.79,0.88,0,0,0,1,0,0,0.102409638554217,0.009375,0,0.466305638190824,0.5,0.804,0.88,1,1,0,0,0,0.8,0,0,0.755,0,0,0.118181818181818,0.6,0.8,0.8,0.118120805369128,0.118120805369128,0.000709442780147054,1,0,0,0,1,0,0,0,0,0,0,0,1,0,0,0,0,0,39
0.79,0.88,0,0,0,1,0,1,0.102409638554217,0.009375,0,0.466305638190824,0.5,0.804,0.88,1,1,0,0,0,1,0,0,0.804,0,0,0.106666666666667,0.8,0.8,0.8,0.118120805369128,0.118120805369128,0.000636164099638846,1,0,0,0,1,0,0,0,0,0,0,0,1,0,0,0,0,0.79,0.88,0,0,0,1,0,1,0.102409638554217,0.009375,0,0.466305638190824,0.5,0.804,0.88,1,1,0,0,0,1,0,0,0.804,0,0,0.106666666666667,0.8,0.8,0.8,0.118120805369128,0.118120805369128,0.000708535277421211,1,0,0,0,1,0,0,0,0,0,0,0,1,0,0,0,0,0.79,0.88,0,0,0,1,0,0,0.102409638554217,0.009375,0,0.466305638190824,0.5,0.804,0.88,1,1,0,0,0,0.8,0,0,0.755,0,0,0.118181818181818,0.6,0.8,0.8,0.118120805369128,0.118120805369128,0.000760107103110362,0.13,0,0,0,1,0,0,0,0,0,0,0,1,0,0,0,0,0.79,0.88,0,0,0,1,0,0,0.102409638554217,0.009375,0,0.466305638190824,0.5,0.804,0.88,1,1,0,0,0,0.8,0,0,0.755,0,0,0.118181818181818,0.6,0.8,0.8,0.118120805369128,0.118120805369128,0.00070948316974882,1,0,0,0,1,0,0,0,0,0,0,0,1,0,0,0,0,0.79,0.88,0,0,0,1,0,1,0.102409638554217,0.009375,0,0.466305638190824,0.5,0.804,0.88,1,1,0,0,0,0.8,0,0,0.755,0,0,0.118181818181818,0.6,0.8,0.8,0.118120805369128,0.118120805369128,0.000752480844403806,1,0,0,0,1,0,0,0,0,0,0,0,1,0,0,0,0,0,40
0.79,0.88,0,0,0,1,0,1,0.102409638554217,0.009375,0,0.466305638190824,0.5,0.804,0.88,1,1,0,0,0,1,0,0,0.804,0,0,0.106666666666667,0.8,0.8,0.8,0.118120805369128,0.118120805369128,0.000708535277421211,1,0,0,0,1,0,0,0,0,0,0,0,1,0,0,0,0,0.79,0.88,0,0,0,1,0,0,0.102409638554217,0.009375,0,0.466305638190824,0.5,0.804,0.88,1,1,0,0,0,0.8,0,0,0.755,0,0,0.118181818181818,0.6,0.8,0.8,0.118120805369128,0.118120805369128,0.000760107103110362,0.13,0,0,0,1,0,0,0,0,0,0,0,1,0,0,0,0,0.79,0.88,0,0,0,1,0,0,0.102409638554217,0.009375,0,0.466305638190824,0.5,0.804,0.88,1,1,0,0,0,0.8,0,0,0.755,0,0,0.118181818181818,0.6,0.8,0.8,0.118120805369128,0.118120805369128,0.000709668389356916,1,0,0,0,1,0,0,0,0,0,0,0,1,0,0,0,0,0.79,0.88,0,0,0,1,0,1,0.102409638554217,0.009375,0,0.466305638190824,0.5,0.804,0.88,1,1,0,0,0,0.8,0,0,0.755,0,0,0.118181818181818,0.6,0.8,0.8,0.118120805369128,0.118120805369128,0.000752523684224709,1,0,0,0,1,0,0,0,0,0,0,0,1,0,0,0,0,0.79,0.88,0,0,0,1,0,1,0.102409638554217,0.009375,0,0.466305638190824,0.5,0.804,0.88,1,1,0,0,0,0.8,0,0,0.755,0,0,0.118181818181818,0.8,0.8,0.8,0.118120805369128,0.118120805369128,0.000836479784444986,0.13,0,0,0,1,0,0,0,0,0,0,0,1,0,0,0,0,0,41
0.79,0.88,0,0,0,1,0,0,0.102409638554217,0.009375,0,0.466305638190824,0.5,0.804,0.88,1,1,0,0,0,0.8,0,0,0.755,0,0,0.118181818181818,0.6,0.8,0.8,0.118120805369128,0.118120805369128,0.000760107103110362,0.13,0,0,0,1,0,0,0,0,0,0,0,1,0,0,0,0,0.79,0.88,0,0,0,1,0,0,0.102409638554217,0.009375,0,0.466305638190824,0.5,0.804,0.88,1,1,0,0,0,0.8,0,0,0.755,0,0,0.118181818181818,0.6,0.8,0.8,0.118120805369128,0.118120805369128,0.000709668389356916,1,0,0,0,1,0,0,0,0,0,0,0,1,0,0,0,0,0.79,0.88,0,0,0,1,0,1,0.102409638554217,0.009375,0,0.466305638190824,0.5,0.804,0.88,1,1,0,0,0,0.8,0,0,0.755,0,0,0.118181818181818,0.6,0.8,0.8,0.118120805369128,0.118120805369128,0.000752720140106705,1,0,0,0,1,0,0,0,0,0,0,0,1,0,0,0,0,0.79,0.88,0,0,0,1,0,1,0.102409638554217,0.009375,0,0.466305638190824,0.5,0.804,0.88,1,1,0,0,0,0.8,0,0,0.755,0,0,0.118181818181818,0.8,0.8,0.8,0.118120805369128,0.118120805369128,0.000836527406446823,0.13,0,0,0,1,0,0,0,0,0,0,0,1,0,0,0,0,0.79,0.88,0,0,0,1,0,1,0.102409638554217,0.009375,0,0.466305638190824,0.5,0.804,0.88,1,1,0,0,0,0.4,0,0,0.565,0,0,0.13030303030303,0.6,0.8,0.8,0.118120805369128,0.118120805369128,0.000846087411203926,0.13,0,0,0,1,0,0,0,0,0,0,0,1,0,0,0,0,0,42
0.79,0.88,0,0,0,1,0,0,0.102409638554217,0.009375,0,0.466305638190824,0.5,0.804,0.88,1,1,0,0,0,0.8,0,0,0.755,0,0,0.118181818181818,0.6,0.8,0.8,0.118120805369128,0.118120805369128,0.000709668389356916,1,0,0,0,1,0,0,0,0,0,0,0,1,0,0,0,0,0.79,0.88,0,0,0,1,0,1,0.102409638554217,0.009375,0,0.466305638190824,0.5,0.804,0.88,1,1,0,0,0,0.8,0,0,0.755,0,0,0.118181818181818,0.6,0.8,0.8,0.118120805369128,0.118120805369128,0.000752720140106705,1,0,0,0,1,0,0,0,0,0,0,0,1,0,0,0,0,0.79,0.88,0,0,0,1,0,1,0.102409638554217,0.009375,0,0.466305638190824,0.5,0.804,0.88,1,1,0,0,0,0.8,0,0,0.755,0,0,0.118181818181818,0.8,0.8,0.8,0.118120805369128,0.118120805369128,0.00083674579256927,0.13,0,0,0,1,0,0,0,0,0,0,0,1,0,0,0,0,0.79,0.88,0,0,0,1,0,1,0.102409638554217,0.009375,0,0.466305638190824,0.5,0.804,0.88,1,1,0,0,0,0.4,0,0,0.565,0,0,0.13030303030303,0.6,0.8,0.8,0.118120805369128,0.118120805369128,0.000846135580181826,0.13,0,0,0,1,0,0,0,0,0,0,0,1,0,0,0,0,0.79,0.88,0,0,0,1,0,1,0.102409638554217,0.009375,0,0.466305638190824,0.5,0.804,0.88,1,1,0,0,0,0.4,0,0,0.565,0,0,0.13030303030303,0.6,0.8,0.8,0.118120805369128,0.118120805369128,0.000897779865002699,0.13,0,0,0,1,0,0,0,0,0,0,0,1,0,0,0,0,0,43
0.79,0.88,0,0,0,1,0,1,0.102409638554217,0.009375,0,0.466305638190824,0.5,0.804,0.88,1,1,0,0,0,0.8,0,0,0.755,0,0,0.118181818181818,0.6,0.8,0.8,0.118120805369128,0.118120805369128,0.000752720140106705,1,0,0,0,1,0,0,0,0,0,0,0,1,0,0,0,0,0.79,0.88,0,0,0,1,0,1,0.102409638554217,0.009375,0,0.466305638190824,0.5,0.804,0.88,1,1,0,0,0,0.8,0,0,0.755,0,0,0.118181818181818,0.8,0.8,0.8,0.118120805369128,0.118120805369128,0.00083674579256927,0.13,0,0,0,1,0,0,0,0,0,0,0,1,0,0,0,0,0.79,0.88,0,0,0,1,0,1,0.102409638554217,0.009375,0,0.466305638190824,0.5,0.804,0.88,1,1,0,0,0,0.4,0,0,0.565,0,0,0.13030303030303,0.6,0.8,0.8,0.118120805369128,0.118120805369128,0.00084635647464027,0.13,0,0,0,1,0,0,0,0,0,0,0,1,0,0,0,0,0.79,0.88,0,0,0,1,0,1,0.102409638554217,0.009375,0,0.466305638190824,0.5,0.804,0.88,1,1,0,0,0,0.4,0,0,0.565,0,0,0.13030303030303,0.6,0.8,0.8,0.118120805369128,0.118120805369128,0.000897830976906627,0.13,0,0,0,1,0,0,0,0,0,0,0,1,0,0,0,0,0.79,0.88,0,0,0,1,0,1,0.102409638554217,0.009375,0,0.466305638190824,0.5,0.804,0.88,1,1,0,0,0,0.6,0,0,0.673333333333333,0,0,0.123232323232323,0.6,0.8,0.8,0.118120805369128,0.118120805369128,0.000835413960667219,1,0,0,0,1,0,0,0,0,0,0,0,1,0,0,0,0,0,44
0.79,0.88,0,0,0,1,0,1,0.102409638554217,0.009375,0,0.466305638190824,0.5,0.804,0.88,1,1,0,0,0,0.8,0,0,0.755,0,0,0.118181818181818,0.8,0.8,0.8,0.118120805369128,0.118120805369128,0.00083674579256927,0.13,0,0,0,1,0,0,0,0,0,0,0,1,0,0,0,0,0.79,0.88,0,0,0,1,0,1,0.102409638554217,0.009375,0,0.466305638190824,0.5,0.804,0.88,1,1,0,0,0,0.4,0,0,0.565,0,0,0.13030303030303,0.6,0.8,0.8,0.118120805369128,0.118120805369128,0.00084635647464027,0.13,0,0,0,1,0,0,0,0,0,0,0,1,0,0,0,0,0.79,0.88,0,0,0,1,0,1,0.102409638554217,0.009375,0,0.466305638190824,0.5,0.804,0.88,1,1,0,0,0,0.4,0,0,0.565,0,0,0.13030303030303,0.6,0.8,0.8,0.118120805369128,0.118120805369128,0.000898065367106097,0.13,0,0,0,1,0,0,0,0,0,0,0,1,0,0,0,0,0.79,0.88,0,0,0,1,0,1,0.102409638554217,0.009375,0,0.466305638190824,0.5,0.804,0.88,1,1,0,0,0,0.6,0,0,0.673333333333333,0,0,0.123232323232323,0.6,0.8,0.8,0.118120805369128,0.118120805369128,0.000835461521990169,1,0,0,0,1,0,0,0,0,0,0,0,1,0,0,0,0,0.79,0.88,0,0,0,1,0,1,0.102409638554217,0.009375,0,0.466305638190824,0.5,0.804,0.88,1,1,0,0,0,0.8,0,0,0.755,0,0,0.118181818181818,0.6,0.8,0.8,0.118120805369128,0.118120805369128,0.000768095790913499,1,0,0,0,1,0,0,0,0,0,0,0,1,0,0,0,0,0,45
0.79,0.88,0,0,0,1,0,1,0.102409638554217,0.009375,0,0.466305638190824,0.5,0.804,0.88,1,1,0,0,0,0.4,0,0,0.565,0,0,0.13030303030303,0.6,0.8,0.8,0.118120805369128,0.118120805369128,0.00084635647464027,0.13,0,0,0,1,0,0,0,0,0,0,0,1,0,0,0,0,0.79,0.88,0,0,0,1,0,1,0.102409638554217,0.009375,0,0.466305638190824,0.5,0.804,0.88,1,1,0,0,0,0.4,0,0,0.565,0,0,0.13030303030303,0.6,0.8,0.8,0.118120805369128,0.118120805369128,0.000898065367106097,0.13,0,0,0,1,0,0,0,0,0,0,0,1,0,0,0,0,0.79,0.88,0,0,0,1,0,1,0.102409638554217,0.009375,0,0.466305638190824,0.5,0.804,0.88,1,1,0,0,0,0.6,0,0,0.673333333333333,0,0,0.123232323232323,0.6,0.8,0.8,0.118120805369128,0.118120805369128,0.000835679629849918,1,0,0,0,1,0,0,0,0,0,0,0,1,0,0,0,0,0.79,0.88,0,0,0,1,0,1,0.102409638554217,0.009375,0,0.466305638190824,0.5,0.804,0.88,1,1,0,0,0,0.8,0,0,0.755,0,0,0.118181818181818,0.6,0.8,0.8,0.118120805369128,0.118120805369128,0.000768139519715851,1,0,0,0,1,0,0,0,0,0,0,0,1,0,0,0,0,0.79,0.88,0,0,0,1,0,1,0.102409638554217,0.009375,0,0.466305638190824,0.5,0.804,0.88,1,1,0,0,0,0.8,0,0,0.755,0,0,0.118181818181818,0.6,0.8,0.8,0.118120805369128,0.118120805369128,0.000749422835853161,1,0,0,0,1,0,0,0,0,0,0,0,1,0,0,0,0,0,46
0.79,0.88,0,0,0,1,0,1,0.102409638554217,0.009375,0,0.466305638190824,0.5,0.804,0.88,1,1,0,0,0,0.4,0,0,0.565,0,0,0.13030303030303,0.6,0.8,0.8,0.118120805369128,0.118120805369128,0.000898065367106097,0.13,0,0,0,1,0,0,0,0,0,0,0,1,0,0,0,0,0.79,0.88,0,0,0,1,0,1,0.102409638554217,0.009375,0,0.466305638190824,0.5,0.804,0.88,1,1,0,0,0,0.6,0,0,0.673333333333333,0,0,0.123232323232323,0.6,0.8,0.8,0.118120805369128,0.118120805369128,0.000835679629849918,1,0,0,0,1,0,0,0,0,0,0,0,1,0,0,0,0,0.79,0.88,0,0,0,1,0,1,0.102409638554217,0.009375,0,0.466305638190824,0.5,0.804,0.88,1,1,0,0,0,0.8,0,0,0.755,0,0,0.118181818181818,0.6,0.8,0.8,0.118120805369128,0.118120805369128,0.00076834005231038,1,0,0,0,1,0,0,0,0,0,0,0,1,0,0,0,0,0.79,0.88,0,0,0,1,0,1,0.102409638554217,0.009375,0,0.466305638190824,0.5,0.804,0.88,1,1,0,0,0,0.8,0,0,0.755,0,0,0.118181818181818,0.6,0.8,0.8,0.118120805369128,0.118120805369128,0.000749465501577222,1,0,0,0,1,0,0,0,0,0,0,0,1,0,0,0,0,0.79,0.88,0,0,0,1,0,1,0.102409638554217,0.009375,0,0.466305638190824,0.5,0.804,0.88,1,1,0,0,0,1,0,0,0.804,0,0,0.106666666666667,0.8,0.8,0.8,0.118120805369128,0.118120805369128,0.000722700090002837,1,0,0,0,1,0,0,0,0,0,0,0,1,0,0,0,0,0,47
0.79,0.88,0,0,0,1,0,1,0.102409638554217,0.009375,0,0.466305638190824,0.5,0.804,0.88,1,1,0,0,0,0.6,0,0,0.673333333333333,0,0,0.123232323232323,0.6,0.8,0.8,0.118120805369128,0.118120805369128,0.000835679629849918,1,0,0,0,1,0,0,0,0,0,0,0,1,0,0,0,0,0.79,0.88,0,0,0,1,0,1,0.102409638554217,0.009375,0,0.466305638190824,0.5,0.804,0.88,1,1,0,0,0,0.8,0,0,0.755,0,0,0.118181818181818,0.6,0.8,0.8,0.118120805369128,0.118120805369128,0.00076834005231038,1,0,0,0,1,0,0,0,0,0,0,0,1,0,0,0,0,0.79,0.88,0,0,0,1,0,1,0.102409638554217,0.009375,0,0.466305638190824,0.5,0.804,0.88,1,1,0,0,0,0.8,0,0,0.755,0,0,0.118181818181818,0.6,0.8,0.8,0.118120805369128,0.118120805369128,0.000749661159081729,1,0,0,0,1,0,0,0,0,0,0,0,1,0,0,0,0,0.79,0.88,0,0,0,1,0,1,0.102409638554217,0.009375,0,0.466305638190824,0.5,0.804,0.88,1,1,0,0,0,1,0,0,0.804,0,0,0.106666666666667,0.8,0.8,0.8,0.118120805369128,0.118120805369128,0.000722741234362395,1,0,0,0,1,0,0,0,0,0,0,0,1,0,0,0,0,0.79,0.88,0,0,0,1,0,1,0.102409638554217,0.009375,0,0.466305638190824,0.5,0.804,0.88,1,1,0,0,0,1,0,0,0.804,0,0,0.106666666666667,0.8,0.8,0.8,0.118120805369128,0.118120805369128,0.000618067354452532,1,0,0,0,1,0,0,0,0,0,0,0,1,0,0,0,0,0,48
0.79,0.88,0,0,0,1,0,1,0.102409638554217,0.009375,0,0.466305638190824,0.5,0.804,0.88,1,1,0,0,0,0.8,0,0,0.755,0,0,0.118181818181818,0.6,0.8,0.8,0.118120805369128,0.118120805369128,0.00076834005231038,1,0,0,0,1,0,0,0,0,0,0,0,1,0,0,0,0,0.79,0.88,0,0,0,1,0,1,0.102409638554217,0.009375,0,0.466305638190824,0.5,0.804,0.88,1,1,0,0,0,0.8,0,0,0.755,0,0,0.118181818181818,0.6,0.8,0.8,0.118120805369128,0.118120805369128,0.000749661159081729,1,0,0,0,1,0,0,0,0,0,0,0,1,0,0,0,0,0.79,0.88,0,0,0,1,0,1,0.102409638554217,0.009375,0,0.466305638190824,0.5,0.804,0.88,1,1,0,0,0,1,0,0,0.804,0,0,0.106666666666667,0.8,0.8,0.8,0.118120805369128,0.118120805369128,0.000722929915156937,1,0,0,0,1,0,0,0,0,0,0,0,1,0,0,0,0,0.79,0.88,0,0,0,1,0,1,0.102409638554217,0.009375,0,0.466305638190824,0.5,0.804,0.88,1,1,0,0,0,1,0,0,0.804,0,0,0.106666666666667,0.8,0.8,0.8,0.118120805369128,0.118120805369128,0.000618102541919386,1,0,0,0,1,0,0,0,0,0,0,0,1,0,0,0,0,0.79,0.88,0,0,0,1,0,0,0.102409638554217,0.009375,0,0.466305638190824,0.5,0.804,0.88,1,1,0,0,0,1,0,0,0.804,0,0,0.106666666666667,0.2,0.8,0.8,0.118120805369128,0.118120805369128,0.000595157219062436,1,0,0,0,1,0,0,0,0,0,0,0,1,0,0,0,0,0,49
0.79,0.88,0,0,0,1,0,1,0.102409638554217,0.009375,0,0.466305638190824,0.5,0.804,0.88,1,1,0,0,0,0.8,0,0,0.755,0,0,0.118181818181818,0.6,0.8,0.8,0.118120805369128,0.118120805369128,0.000749661159081729,1,0,0,0,1,0,0,0,0,0,0,0,1,0,0,0,0,0.79,0.88,0,0,0,1,0,1,0.102409638554217,0.009375,0,0.466305638190824,0.5,0.804,0.88,1,1,0,0,0,1,0,0,0.804,0,0,0.106666666666667,0.8,0.8,0.8,0.118120805369128,0.118120805369128,0.000722929915156937,1,0,0,0,1,0,0,0,0,0,0,0,1,0,0,0,0,0.79,0.88,0,0,0,1,0,1,0.102409638554217,0.009375,0,0.466305638190824,0.5,0.804,0.88,1,1,0,0,0,1,0,0,0.804,0,0,0.106666666666667,0.8,0.8,0.8,0.118120805369128,0.118120805369128,0.000618263905451967,1,0,0,0,1,0,0,0,0,0,0,0,1,0,0,0,0,0.79,0.88,0,0,0,1,0,0,0.102409638554217,0.009375,0,0.466305638190824,0.5,0.804,0.88,1,1,0,0,0,1,0,0,0.804,0,0,0.106666666666667,0.2,0.8,0.8,0.118120805369128,0.118120805369128,0.000595191102222204,1,0,0,0,1,0,0,0,0,0,0,0,1,0,0,0,0,0.79,0.88,0,0,0,1,0,1,0.102409638554217,0.009375,0,0.466305638190824,0.5,0.794,0.88,1,1,0,0,0,1,0,0,0.794,0,0,0.106666666666667,0.2,0.8,0.8,0.118120805369128,0.118120805369128,0.000640044139138262,1,0,0,0,1,0,0,0,0,0,0,0,1,0,0,0,0,0,50
0.79,0.88,0,0,0,1,0,1,0.102409638554217,0.009375,0,0.466305638190824,0.5,0.804,0.88,1,1,0,0,0,1,0,0,0.804,0,0,0.106666666666667,0.8,0.8,0.8,0.118120805369128,0.118120805369128,0.000722929915156937,1,0,0,0,1,0,0,0,0,0,0,0,1,0,0,0,0,0.79,0.88,0,0,0,1,0,1,0.102409638554217,0.009375,0,0.466305638190824,0.5,0.804,0.88,1,1,0,0,0,1,0,0,0.804,0,0,0.106666666666667,0.8,0.8,0.8,0.118120805369128,0.118120805369128,0.000618263905451967,1,0,0,0,1,0,0,0,0,0,0,0,1,0,0,0,0,0.79,0.88,0,0,0,1,0,0,0.102409638554217,0.009375,0,0.466305638190824,0.5,0.804,0.88,1,1,0,0,0,1,0,0,0.804,0,0,0.106666666666667,0.2,0.8,0.8,0.118120805369128,0.118120805369128,0.000595346484431953,1,0,0,0,1,0,0,0,0,0,0,0,1,0,0,0,0,0.79,0.88,0,0,0,1,0,1,0.102409638554217,0.009375,0,0.466305638190824,0.5,0.794,0.88,1,1,0,0,0,1,0,0,0.794,0,0,0.106666666666667,0.2,0.8,0.8,0.118120805369128,0.118120805369128,0.000640080577775198,1,0,0,0,1,0,0,0,0,0,0,0,1,0,0,0,0,0.79,0.88,0,0,0,1,0,1,0.102409638554217,0.009375,0,0.466305638190824,0.5,0.794,0.88,1,1,0,0,0,1,0,0,0.794,0,0,0.106666666666667,0.2,0.8,0.8,0.118120805369128,0.118120805369128,0.000698070693978636,1,0,0,0,1,0,0,0,0,0,0,0,1,0,0,0,0,0,51
0.79,0.88,0,0,0,1,0,1,0.102409638554217,0.009375,0,0.466305638190824,0.5,0.804,0.88,1,1,0,0,0,1,0,0,0.804,0,0,0.106666666666667,0.8,0.8,0.8,0.118120805369128,0.118120805369128,0.000618263905451967,1,0,0,0,1,0,0,0,0,0,0,0,1,0,0,0,0,0.79,0.88,0,0,0,1,0,0,0.102409638554217,0.009375,0,0.466305638190824,0.5,0.804,0.88,1,1,0,0,0,1,0,0,0.804,0,0,0.106666666666667,0.2,0.8,0.8,0.118120805369128,0.118120805369128,0.000595346484431953,1,0,0,0,1,0,0,0,0,0,0,0,1,0,0,0,0,0.79,0.88,0,0,0,1,0,1,0.102409638554217,0.009375,0,0.466305638190824,0.5,0.794,0.88,1,1,0,0,0,1,0,0,0.794,0,0,0.106666666666667,0.2,0.8,0.8,0.118120805369128,0.118120805369128,0.000640247678953662,1,0,0,0,1,0,0,0,0,0,0,0,1,0,0,0,0,0.79,0.88,0,0,0,1,0,1,0.102409638554217,0.009375,0,0.466305638190824,0.5,0.794,0.88,1,1,0,0,0,1,0,0,0.794,0,0,0.106666666666667,0.2,0.8,0.8,0.118120805369128,0.118120805369128,0.000698110436151117,1,0,0,0,1,0,0,0,0,0,0,0,1,0,0,0,0,0.79,0.88,0,0,0,1,0,0,0.102409638554217,0.009375,0,0.466305638190824,0.5,0.794,0.88,1,1,0,0,0,1,0,0,0.794,0,0,0.106666666666667,0.2,0.8,0.8,0.118120805369128,0.118120805369128,0.000665241916142108,1,0,0,0,1,0,0,0,0,0,0,0,1,0,0,0,0,0,52
0.79,0.88,0,0,0,1,0,0,0.102409638554217,0.009375,0,0.466305638190824,0.5,0.804,0.88,1,1,0,0,0,1,0,0,0.804,0,0,0.106666666666667,0.2,0.8,0.8,0.118120805369128,0.118120805369128,0.000595346484431953,1,0,0,0,1,0,0,0,0,0,0,0,1,0,0,0,0,0.79,0.88,0,0,0,1,0,1,0.102409638554217,0.009375,0,0.466305638190824,0.5,0.794,0.88,1,1,0,0,0,1,0,0,0.794,0,0,0.106666666666667,0.2,0.8,0.8,0.118120805369128,0.118120805369128,0.000640247678953662,1,0,0,0,1,0,0,0,0,0,0,0,1,0,0,0,0,0.79,0.88,0,0,0,1,0,1,0.102409638554217,0.009375,0,0.466305638190824,0.5,0.794,0.88,1,1,0,0,0,1,0,0,0.794,0,0,0.106666666666667,0.2,0.8,0.8,0.118120805369128,0.118120805369128,0.000698292686762414,1,0,0,0,1,0,0,0,0,0,0,0,1,0,0,0,0,0.79,0.88,0,0,0,1,0,0,0.102409638554217,0.009375,0,0.466305638190824,0.5,0.794,0.88,1,1,0,0,0,1,0,0,0.794,0,0,0.106666666666667,0.2,0.8,0.8,0.118120805369128,0.118120805369128,0.000665279789324869,1,0,0,0,1,0,0,0,0,0,0,0,1,0,0,0,0,0.79,0.88,0,0,0,1,0,0,0.102409638554217,0.009375,0,0.466305638190824,0.5,0.794,0.88,1,1,0,0,0.2,1,0,1,0.794,0,0.139393939393939,0.106666666666667,0.2,0.6,1,0.118120805369128,0.118120805369128,0.000500375460669105,1,0,0,0,1,0,0,0,0,0,0,0,1,0,0,0,0,0,53
0.79,0.88,0,0,0,1,0,1,0.102409638554217,0.009375,0,0.466305638190824,0.5,0.794,0.88,1,1,0,0,0,1,0,0,0.794,0,0,0.106666666666667,0.2,0.8,0.8,0.118120805369128,0.118120805369128,0.000640247678953662,1,0,0,0,1,0,0,0,0,0,0,0,1,0,0,0,0,0.79,0.88,0,0,0,1,0,1,0.102409638554217,0.009375,0,0.466305638190824,0.5,0.794,0.88,1,1,0,0,0,1,0,0,0.794,0,0,0.106666666666667,0.2,0.8,0.8,0.118120805369128,0.118120805369128,0.000698292686762414,1,0,0,0,1,0,0,0,0,0,0,0,1,0,0,0,0,0.79,0.88,0,0,0,1,0,0,0.102409638554217,0.009375,0,0.466305638190824,0.5,0.794,0.88,1,1,0,0,0,1,0,0,0.794,0,0,0.106666666666667,0.2,0.8,0.8,0.118120805369128,0.118120805369128,0.000665453469078113,1,0,0,0,1,0,0,0,0,0,0,0,1,0,0,0,0,0.79,0.88,0,0,0,1,0,0,0.102409638554217,0.009375,0,0.466305638190824,0.5,0.794,0.88,1,1,0,0,0.2,1,0,1,0.794,0,0.139393939393939,0.106666666666667,0.2,0.6,1,0.118120805369128,0.118120805369128,0.000500403947766522,1,0,0,0,1,0,0,0,0,0,0,0,1,0,0,0,0,0.79,0.88,0,0,0,1,0,0,0.102409638554217,0.009375,0,0.466305638190824,0.5,0.794,0.88,1,1,0,0,0.4,1,0,0.975,0.794,0,0.121212121212121,0.106666666666667,0.2,0.4,1,0.118120805369128,0.118120805369128,0.00038086540760675,1,0,0,0,1,0,0,0,0,0,0,0,1,0,0,0,0,1,54
0.79,0.88,0,0,0,1,0,1,0.102409638554217,0.009375,0,0.466305638190824,0.5,0.794,0.88,1,1,0,0,0,1,0,0,0.794,0,0,0.106666666666667,0.2,0.8,0.8,0.118120805369128,0.118120805369128,0.000698292686762414,1,0,0,0,1,0,0,0,0,0,0,0,1,0,0,0,0,0.79,0.88,0,0,0,1,0,0,0.102409638554217,0.009375,0,0.466305638190824,0.5,0.794,0.88,1,1,0,0,0,1,0,0,0.794,0,0,0.106666666666667,0.2,0.8,0.8,0.118120805369128,0.118120805369128,0.000665453469078113,1,0,0,0,1,0,0,0,0,0,0,0,1,0,0,0,0,0.79,0.88,0,0,0,1,0,0,0.102409638554217,0.009375,0,0.466305638190824,0.5,0.794,0.88,1,1,0,0,0.2,1,0,1,0.794,0,0.139393939393939,0.106666666666667,0.2,0.6,1,0.118120805369128,0.118120805369128,0.00050053458458364,1,0,0,0,1,0,0,0,0,0,0,0,1,0,0,0,0,0.79,0.88,0,0,0,1,0,0,0.102409638554217,0.009375,0,0.466305638190824,0.5,0.794,0.88,1,1,0,0,0.4,1,0,0.975,0.794,0,0.121212121212121,0.106666666666667,0.2,0.4,1,0.118120805369128,0.118120805369128,0.000380887090824298,1,0,0,0,1,0,0,0,0,0,0,0,1,0,0,0,0,0.79,0.88,0,1,0,1,0,0,0.102409638554217,0.009375,0,0.466305638190824,0.5,0.794,0.88,1,1,0,0.2,0.8,1,1,0.7425,0.794,0.139393939393939,0.118181818181818,0.106666666666667,0.2,0.2,1,0.118120805369128,0.118120805369128,0.000264962574091345,1,0,0,0,1,0,0,0,0,0,0,0,1,0,0,0,0,1,55
0.79,0.88,0,0,0,1,0,0,0.102409638554217,0.009375,0,0.466305638190824,0.5,0.794,0.88,1,1,0,0,0,1,0,0,0.794,0,0,0.106666666666667,0.2,0.8,0.8,0.118120805369128,0.118120805369128,0.000665453469078113,1,0,0,0,1,0,0,0,0,0,0,0,1,0,0,0,0,0.79,0.88,0,0,0,1,0,0,0.102409638554217,0.009375,0,0.466305638190824,0.5,0.794,0.88,1,1,0,0,0.2,1,0,1,0.794,0,0.139393939393939,0.106666666666667,0.2,0.6,1,0.118120805369128,0.118120805369128,0.00050053458458364,1,0,0,0,1,0,0,0,0,0,0,0,1,0,0,0,0,0.79,0.88,0,0,0,1,0,0,0.102409638554217,0.009375,0,0.466305638190824,0.5,0.794,0.88,1,1,0,0,0.4,1,0,0.975,0.794,0,0.121212121212121,0.106666666666667,0.2,0.4,1,0.118120805369128,0.118120805369128,0.000380986526245318,1,0,0,0,1,0,0,0,0,0,0,0,1,0,0,0,0,0.79,0.88,0,1,0,1,0,0,0.102409638554217,0.009375,0,0.466305638190824,0.5,0.794,0.88,1,1,0,0.2,0.8,1,1,0.7425,0.794,0.139393939393939,0.118181818181818,0.106666666666667,0.2,0.2,1,0.118120805369128,0.118120805369128,0.000264977658793241,1,0,0,0,1,0,0,0,0,0,0,0,1,0,0,0,0,0.64,0.8,0,0,0,1,0,0,0.102409638554217,0.009375,0,0.407006264656471,1,0.794,0.85,1,1,0,0,0.6,1,0,0.946666666666667,0.794,0,0.117171717171717,0.106666666666667,0.2,0.2,0.8,0.118120805369128,0.118120805369128,0.000309656043101518,1,0,0,0,1,0,0,0,0,0,0,0,1,0,0,0,0,1,56
0.79,0.88,0,0,0,1,0,0,0.102409638554217,0.009375,0,0.466305638190824,0.5,0.794,0.88,1,1,0,0,0.2,1,0,1,0.794,0,0.139393939393939,0.106666666666667,0.2,0.6,1,0.118120805369128,0.118120805369128,0.00050053458458364,1,0,0,0,1,0,0,0,0,0,0,0,1,0,0,0,0,0.79,0.88,0,0,0,1,0,0,0.102409638554217,0.009375,0,0.466305638190824,0.5,0.794,0.88,1,1,0,0,0.4,1,0,0.975,0.794,0,0.121212121212121,0.106666666666667,0.2,0.4,1,0.118120805369128,0.118120805369128,0.000380986526245318,1,0,0,0,1,0,0,0,0,0,0,0,1,0,0,0,0,0.79,0.88,0,1,0,1,0,0,0.102409638554217,0.009375,0,0.466305638190824,0.5,0.794,0.88,1,1,0,0.2,0.8,1,1,0.7425,0.794,0.139393939393939,0.118181818181818,0.106666666666667,0.2,0.2,1,0.118120805369128,0.118120805369128,0.000265046834582334,1,0,0,0,1,0,0,0,0,0,0,0,1,0,0,0,0,0.64,0.8,0,0,0,1,0,0,0.102409638554217,0.009375,0,0.407006264656471,1,0.794,0.85,1,1,0,0,0.6,1,0,0.946666666666667,0.794,0,0.117171717171717,0.106666666666667,0.2,0.2,0.8,0.118120805369128,0.118120805369128,0.000309673672267133,1,0,0,0,1,0,0,0,0,0,0,0,1,0,0,0,0,0,0,0,1,0,1,0,0,0,0.009375,0,0.407006264656471,1,0.772,0.722,1,0.8,0,0,0,0,0,0,0,0,0,0,0,0,0,0.0953020134228188,0.118120805369128,0.998179369799169,0.13,0,0,0,0,0,0,0,1,0,0,0,1,0,0,0,0,0,57
0.79,0.88,0,0,0,1,0,0,0.102409638554217,0.009375,0,0.466305638190824,0.5,0.794,0.88,1,1,0,0,0.4,1,0,0.975,0.794,0,0.121212121212121,0.106666666666667,0.2,0.4,1,0.118120805369128,0.118120805369128,0.000380986526245318,1,0,0,0,1,0,0,0,0,0,0,0,1,0,0,0,0,0.79,0.88,0,1,0,1,0,0,0.102409638554217,0.009375,0,0.466305638190824,0.5,0.794,0.88,1,1,0,0.2,0.8,1,1,0.7425,0.794,0.139393939393939,0.118181818181818,0.106666666666667,0.2,0.2,1,0.118120805369128,0.118120805369128,0.000265046834582334,1,0,0,0,1,0,0,0,0,0,0,0,1,0,0,0,0,0.64,0.8,0,0,0,1,0,0,0.102409638554217,0.009375,0,0.407006264656471,1,0.794,0.85,1,1,0,0,0.6,1,0,0.946666666666667,0.794,0,0.117171717171717,0.106666666666667,0.2,0.2,0.8,0.118120805369128,0.118120805369128,0.000309754516519203,1,0,0,0,1,0,0,0,0,0,0,0,1,0,0,0,0,0,0,0,1,0,1,0,0,0,0.009375,0,0.407006264656471,1,0.772,0.722,1,0.8,0,0,0,0,0,0,0,0,0,0,0,0,0,0.0953020134228188,0.118120805369128,0.998236197591862,0.13,0,0,0,0,0,0,0,1,0,0,0,1,0,0,0,0,0,0,0,1,0,0,0,0,0,0.009375,0,0.377356577889294,0.833333333333333,0.616,0.722,0.8,0.8,0,0,0,0,0,0,0,0,0,0,0,0,0,0.0953020134228188,0.0939597315436242,0,0,0,0,0,0,0,0,0,1,0,0,0,0,0,0,0,1,0,58
0.79,0.88,0,1,0,1,0,0,0.102409638554217,0.009375,0,0.466305638190824,0.5,0.794,0.88,1,1,0,0.2,0.8,1,1,0.7425,0.794,0.139393939393939,0.118181818181818,0.106666666666667,0.2,0.2,1,0.118120805369128,0.118120805369128,0.000265046834582334,1,0,0,0,1,0,0,0,0,0,0,0,1,0,0,0,0,0.64,0.8,0,0,0,1,0,0,0.102409638554217,0.009375,0,0.407006264656471,1,0.794,0.85,1,1,0,0,0.6,1,0,0.946666666666667,0.794,0,0.117171717171717,0.106666666666667,0.2,0.2,0.8,0.118120805369128,0.118120805369128,0.000309754516519203,1,0,0,0,1,0,0,0,0,0,0,0,1,0,0,0,0,0,0,0,1,0,1,0,0,0,0.009375,0,0.407006264656471,1,0.772,0.722,1,0.8,0,0,0,0,0,0,0,0,0,0,0,0,0,0.0953020134228188,0.118120805369128,0.99849679985163,0.13,0,0,0,0,0,0,0,1,0,0,0,1,0,0,0,0,0,0,0,1,0,0,0,0,0,0.009375,0,0.377356577889294,0.833333333333333,0.616,0.722,0.8,0.8,0,0,0,0,0,0,0,0,0,0,0,0,0,0.0953020134228188,0.0939597315436242,0,0,0,0,0,0,0,0,0,1,0,0,0,0,0,0,0,1,0,0,0,1,0,1,0,0,0,0.009375,0,0.377356577889294,0.833333333333333,0.616,0.722,0.8,0.8,0,0,0,0,0,0,0,0,0,0,0,0,0,0.0953020134228188,0.0939597315436242,0,0,0,0,0,0,0,0,0,1,0,0,0,0,0,0,0,1,0,59
0.64,0.8,0,0,0,1,0,0,0.102409638554217,0.009375,0,0.407006264656471,1,0.794,0.85,1,1,0,0,0.6,1,0,0.946666666666667,0.794,0,0.117171717171717,0.106666666666667,0.2,0.2,0.8,0.118120805369128,0.118120805369128,0.000309754516519203,1,0,0,0,1,0,0,0,0,0,0,0,1,0,0,0,0,0,0,0,1,0,1,0,0,0,0.009375,0,0.407006264656471,1,0.772,0.722,1,0.8,0,0,0,0,0,0,0,0,0,0,0,0,0,0.0953020134228188,0.118120805369128,0.99849679985163,0.13,0,0,0,0,0,0,0,1,0,0,0,1,0,0,0,0,0,0,0,1,0,0,0,0,0,0.009375,0,0.377356577889294,0.833333333333333,0.616,0.722,0.8,0.8,0,0,0,0,0,0,0,0,0,0,0,0,0,0.0953020134228188,0.0939597315436242,0,0,0,0,0,0,0,0,0,1,0,0,0,0,0,0,0,1,0,0,0,1,0,1,0,0,0,0.009375,0,0.377356577889294,0.833333333333333,0.616,0.722,0.8,0.8,0,0,0,0,0,0,0,0,0,0,0,0,0,0.0953020134228188,0.0939597315436242,0,0,0,0,0,0,0,0,0,1,0,0,0,0,0,0,0,1,0,0,0,1,0,1,0,0,0,0.009375,0,0.377356577889294,0.833333333333333,0.616,0.722,0.8,0.8,0,0,0,0,0,0,0,0,0,0,0,0,0,0.0953020134228188,0.0939597315436242,0,0,0,0,0,0,0,0,0,1,0,0,0,0,0,0,0,1,0,60
0,0,0,1,0,1,0,0,0,0.009375,0,0.407006264656471,1,0.772,0.722,1,0.8,0,0,0,0,0,0,0,0,0,0,0,0,0,0.0953020134228188,0.118120805369128,0.99849679985163,0.13,0,0,0,0,0,0,0,1,0,0,0,1,0,0,0,0,0,0,0,1,0,0,0,0,0,0.009375,0,0.377356577889294,0.833333333333333,0.616,0.722,0.8,0.8,0,0,0,0,0,0,0,0,0,0,0,0,0,0.0953020134228188,0.0939597315436242,0,0,0,0,0,0,0,0,0,1,0,0,0,0,0,0,0,1,0,0,0,1,0,1,0,0,0,0.009375,0,0.377356577889294,0.833333333333333,0.616,0.722,0.8,0.8,0,0,0,0,0,0,0,0,0,0,0,0,0,0.0953020134228188,0.0939597315436242,0,0,0,0,0,0,0,0,0,1,0,0,0,0,0,0,0,1,0,0,0,1,0,1,0,0,0,0.009375,0,0.377356577889294,0.833333333333333,0.616,0.722,0.8,0.8,0,0,0,0,0,0,0,0,0,0,0,0,0,0.0953020134228188,0.0939597315436242,0,0,0,0,0,0,0,0,0,1,0,0,0,0,0,0,0,1,0,0,0,1,0,1,0,0,0,0.009375,0,0.377356577889294,0.833333333333333,0.616,0.722,0.8,0.8,0,0,0,0,0,0,0,0,0,0,0,0,0,0.0953020134228188,0.0939597315436242,0,0,0,0,0,0,0,0,0,1,0,0,0,0,0,0,0,1,0,61
0,0,0,1,0,0,0,0,0,0.009375,0,0.377356577889294,0.833333333333333,0.616,0.722,0.8,0.8,0,0,0,0,0,0,0,0,0,0,0,0,0,0.0953020134228188,0.0939597315436242,0,0,0,0,0,0,0,0,0,1,0,0,0,0,0,0,0,1,0,0,0,1,0,1,0,0,0,0.009375,0,0.377356577889294,0.833333333333333,0.616,0.722,0.8,0.8,0,0,0,0,0,0,0,0,0,0,0,0,0,0.0953020134228188,0.0939597315436242,0,0,0,0,0,0,0,0,0,1,0,0,0,0,0,0,0,1,0,0,0,1,0,1,0,0,0,0.009375,0,0.377356577889294,0.833333333333333,0.616,0.722,0.8,0.8,0,0,0,0,0,0,0,0,0,0,0,0,0,0.0953020134228188,0.0939597315436242,0,0,0,0,0,0,0,0,0,1,0,0,0,0,0,0,0,1,0,0,0,1,0,1,0,0,0,0.009375,0,0.377356577889294,0.833333333333333,0.616,0.722,0.8,0.8,0,0,0,0,0,0,0,0,0,0,0,0,0,0.0953020134228188,0.0939597315436242,0,0,0,0,0,0,0,0,0,1,0,0,0,0,0,0,0,1,0,0,0,1,0,1,0,0,0,0.009375,0,0.377356577889294,0.833333333333333,0.616,0.722,0.8,0.8,0,0,0,0,0,0,0,0,0,0,0,0,0,0.0953020134228188,0.0939597315436242,0,0,0,0,0,0,0,0,0,1,0,0,0,0,0,0,0,1,0,62
0,0,0,1,0,1,0,0,0,0.009375,0,0.377356577889294,0.833333333333333,0.616,0.722,0.8,0.8,0,0,0,0,0,0,0,0,0,0,0,0,0,0.0953020134228188,0.0939597315436242,0,0,0,0,0,0,0,0,0,1,0,0,0,0,0,0,0,1,0,0,0,1,0,1,0,0,0,0.009375,0,0.377356577889294,0.833333333333333,0.616,0.722,0.8,0.8,0,0,0,0,0,0,0,0,0,0,0,0,0,0.0953020134228188,0.0939597315436242,0,0,0,0,0,0,0,0,0,1,0,0,0,0,0,0,0,1,0,0,0,1,0,1,0,0,0,0.009375,0,0.377356577889294,0.833333333333333,0.616,0.722,0.8,0.8,0,0,0,0,0,0,0,0,0,0,0,0,0,0.0953020134228188,0.0939597315436242,0,0,0,0,0,0,0,0,0,1,0,0,0,0,0,0,0,1,0,0,0,1,0,1,0,0,0,0.009375,0,0.377356577889294,0.833333333333333,0.616,0.722,0.8,0.8,0,0,0,0,0,0,0,0,0,0,0,0,0,0.0953020134228188,0.0939597315436242,0,0,0,0,0,0,0,0,0,1,0,0,0,0,0,0,0,1,0,0,0,1,0,1,0,0,0,0.009375,0,0.377356577889294,0.833333333333333,0.616,0.722,0.8,0.8,0,0,0,0,0,0,0,0,0,0,0,0,0,0.0953020134228188,0.0939597315436242,0,0,0,0,0,0,0,0,0,1,0,0,0,0,0,0,0,1,0,63
0,0,0,1,0,1,0,0,0,0.009375,0,0.377356577889294,0.833333333333333,0.616,0.722,0.8,0.8,0,0,0,0,0,0,0,0,0,0,0,0,0,0.0953020134228188,0.0939597315436242,0,0,0,0,0,0,0,0,0,1,0,0,0,0,0,0,0,1,0,0,0,1,0,1,0,0,0,0.009375,0,0.377356577889294,0.833333333333333,0.616,0.722,0.8,0.8,0,0,0,0,0,0,0,0,0,0,0,0,0,0.0953020134228188,0.0939597315436242,0,0,0,0,0,0,0,0,0,1,0,0,0,0,0,0,0,1,0,0,0,1,0,1,0,0,0,0.009375,0,0.377356577889294,0.833333333333333,0.616,0.722,0.8,0.8,0,0,0,0,0,0,0,0,0,0,0,0,0,0.0953020134228188,0.0939597315436242,0,0,0,0,0,0,0,0,0,1,0,0,0,0,0,0,0,1,0,0,0,1,0,1,0,0,0,0.009375,0,0.377356577889294,0.833333333333333,0.616,0.722,0.8,0.8,0,0,0,0,0,0,0,0,0,0,0,0,0,0.0953020134228188,0.0939597315436242,0,0,0,0,0,0,0,0,0,1,0,0,0,0,0,0,0,1,0,0,0,1,0,1,0,0,0,0.009375,0,0.349843980525981,0.754587538608658,0.59,0.722,0.6,0.8,0,0,0,0,0,0,0,0,0,0,0,0,0,0.0953020134228188,0.0671140939597315,0,0,0,0,0,0,0,0,0,1,0,0,0,0,0,0,0,1,0,64
0,0,0,1,0,1,0,0,0,0.009375,0,0.377356577889294,0.833333333333333,0.616,0.722,0.8,0.8,0,0,0,0,0,0,0,0,0,0,0,0,0,0.0953020134228188,0.0939597315436242,0,0,0,0,0,0,0,0,0,1,0,0,0,0,0,0,0,1,0,0,0,1,0,1,0,0,0,0.009375,0,0.377356577889294,0.833333333333333,0.616,0.722,0.8,0.8,0,0,0,0,0,0,0,0,0,0,0,0,0,0.0953020134228188,0.0939597315436242,0,0,0,0,0,0,0,0,0,1,0,0,0,0,0,0,0,1,0,0,0,1,0,1,0,0,0,0.009375,0,0.377356577889294,0.833333333333333,0.616,0.722,0.8,0.8,0,0,0,0,0,0,0,0,0,0,0,0,0,0.0953020134228188,0.0939597315436242,0,0,0,0,0,0,0,0,0,1,0,0,0,0,0,0,0,1,0,0,0,1,0,1,0,0,0,0.009375,0,0.349843980525981,0.754587538608658,0.59,0.722,0.6,0.8,0,0,0,0,0,0,0,0,0,0,0,0,0,0.0953020134228188,0.0671140939597315,0,0,0,0,0,0,0,0,0,1,0,0,0,0,0,0,0,1,0,0,0,1,0,1,0,0,0,0.009375,0,0.349843980525981,0.754587538608658,0.59,0.722,0.6,0.8,0,0,0,0,0,0,0,0,0,0,0,0,0,0.0953020134228188,0.0671140939597315,0,0,0,0,0,0,0,0,0,1,0,0,0,0,0,0,0,1,0,65
0,0,0,1,0,1,0,0,0,0.009375,0,0.377356577889294,0.833333333333333,0.616,0.722,0.8,0.8,0,0,0,0,0,0,0,0,0,0,0,0,0,0.0953020134228188,0.0939597315436242,0,0,0,0,0,0,0,0,0,1,0,0,0,0,0,0,0,1,0,0,0,1,0,1,0,0,0,0.009375,0,0.377356577889294,0.833333333333333,0.616,0.722,0.8,0.8,0,0,0,0,0,0,0,0,0,0,0,0,0,0.0953020134228188,0.0939597315436242,0,0,0,0,0,0,0,0,0,1,0,0,0,0,0,0,0,1,0,0,0,1,0,1,0,0,0,0.009375,0,0.349843980525981,0.754587538608658,0.59,0.722,0.6,0.8,0,0,0,0,0,0,0,0,0,0,0,0,0,0.0953020134228188,0.0671140939597315,0,0,0,0,0,0,0,0,0,1,0,0,0,0,0,0,0,1,0,0,0,1,0,1,0,0,0,0.009375,0,0.349843980525981,0.754587538608658,0.59,0.722,0.6,0.8,0,0,0,0,0,0,0,0,0,0,0,0,0,0.0953020134228188,0.0671140939597315,0,0,0,0,0,0,0,0,0,1,0,0,0,0,0,0,0,1,0,0,0,1,0,1,0,0,0,0.009375,0,0.349843980525981,0.754587538608658,0.59,0.722,0.6,0.8,0,0,0,0,0,0,0,0,0,0,0,0,0,0.0953020134228188,0.0671140939597315,0,0,0,0,0,0,0,0,0,1,0,0,0,0,0,0,0,1,0,66
0,0,0,1,0,1,0,0,0,0.009375,0,0.377356577889294,0.833333333333333,0.616,0.722,0.8,0.8,0,0,0,0,0,0,0,0,0,0,0,0,0,0.0953020134228188,0.0939597315436242,0,0,0,0,0,0,0,0,0,1,0,0,0,0,0,0,0,1,0,0,0,1,0,1,0,0,0,0.009375,0,0.349843980525981,0.754587538608658,0.59,0.722,0.6,0.8,0,0,0,0,0,0,0,0,0,0,0,0,0,0.0953020134228188,0.0671140939597315,0,0,0,0,0,0,0,0,0,1,0,0,0,0,0,0,0,1,0,0,0,1,0,1,0,0,0,0.009375,0,0.349843980525981,0.754587538608658,0.59,0.722,0.6,0.8,0,0,0,0,0,0,0,0,0,0,0,0,0,0.0953020134228188,0.0671140939597315,0,0,0,0,0,0,0,0,0,1,0,0,0,0,0,0,0,1,0,0,0,1,0,1,0,0,0,0.009375,0,0.349843980525981,0.754587538608658,0.59,0.722,0.6,0.8,0,0,0,0,0,0,0,0,0,0,0,0,0,0.0953020134228188,0.0671140939597315,0,0,0,0,0,0,0,0,0,1,0,0,0,0,0,0,0,1,0,0,0,1,0,1,0,0,0,0.009375,0,0.349843980525981,0.754587538608658,0.59,0.722,0.6,0.8,0,0,0,0,0,0,0,0,0,0,0,0,0,0.0953020134228188,0.0671140939597315,0,0,0,0,0,0,0,0,0,1,0,0,0,0,0,0,0,1,0,67
0,0,0,1,0,1,0,0,0,0.009375,0,0.349843980525981,0.754587538608658,0.59,0.722,0.6,0.8,0,0,0,0,0,0,0,0,0,0,0,0,0,0.0953020134228188,0.0671140939597315,0,0,0,0,0,0,0,0,0,1,0,0,0,0,0,0,0,1,0,0,0,1,0,1,0,0,0,0.009375,0,0.349843980525981,0.754587538608658,0.59,0.722,0.6,0.8,0,0,0,0,0,0,0,0,0,0,0,0,0,0.0953020134228188,0.0671140939597315,0,0,0,0,0,0,0,0,0,1,0,0,0,0,0,0,0,1,0,0,0,1,0,1,0,0,0,0.009375,0,0.349843980525981,0.754587538608658,0.59,0.722,0.6,0.8,0,0,0,0,0,0,0,0,0,0,0,0,0,0.0953020134228188,0.0671140939597315,0,0,0,0,0,0,0,0,0,1,0,0,0,0,0,0,0,1,0,0,0,1,0,1,0,0,0,0.009375,0,0.349843980525981,0.754587538608658,0.59,0.722,0.6,0.8,0,0,0,0,0,0,0,0,0,0,0,0,0,0.0953020134228188,0.0671140939597315,0,0,0,0,0,0,0,0,0,1,0,0,0,0,0,0,0,1,0,0,0,1,0,1,0,0,0,0.009375,0,0.349843980525981,0.754587538608658,0.59,0.722,0.6,0.8,0,0,0,0,0,0,0,0,0,0,0,0,0,0.0953020134228188,0.0671140939597315,0,0,0,0,0,0,0,0,0,1,0,0,0,0,0,0,0,1,0,68
0,0,0,1,0,1,0,0,0,0.009375,0,0.349843980525981,0.754587538608658,0.59,0.722,0.6,0.8,0,0,0,0,0,0,0,0,0,0,0,0,0,0.0953020134228188,0.0671140939597315,0,0,0,0,0,0,0,0,0,1,0,0,0,0,0,0,0,1,0,0,0,1,0,1,0,0,0,0.009375,0,0.349843980525981,0.754587538608658,0.59,0.722,0.6,0.8,0,0,0,0,0,0,0,0,0,0,0,0,0,0.0953020134228188,0.0671140939597315,0,0,0,0,0,0,0,0,0,1,0,0,0,0,0,0,0,1,0,0,0,1,0,1,0,0,0,0.009375,0,0.349843980525981,0.754587538608658,0.59,0.722,0.6,0.8,0,0,0,0,0,0,0,0,0,0,0,0,0,0.0953020134228188,0.0671140939597315,0,0,0,0,0,0,0,0,0,1,0,0,0,0,0,0,0,1,0,0,0,1,0,1,0,0,0,0.009375,0,0.349843980525981,0.754587538608658,0.59,0.722,0.6,0.8,0,0,0,0,0,0,0,0,0,0,0,0,0,0.0953020134228188,0.0671140939597315,0,0,0,0,0,0,0,0,0,1,0,0,0,0,0,0,0,1,0,0,0,1,0,1,0,0,0,0.009375,0,0.349843980525981,0.754587538608658,0.59,0.722,0.6,0.8,0,0,0,0,0,0,0,0,0,0,0,0,0,0.0738255033557047,0.0671140939597315,0,0,0,0,0,0,0,0,0,1,0,0,0,0,0,0,0,1,0,69
0,0,0,1,0,1,0,0,0,0.009375,0,0.349843980525981,0.754587538608658,0.59,0.722,0.6,0.8,0,0,0,0,0,0,0,0,0,0,0,0,0,0.0953020134228188,0.0671140939597315,0,0,0,0,0,0,0,0,0,1,0,0,0,0,0,0,0,1,0,0,0,1,0,1,0,0,0,0.009375,0,0.349843980525981,0.754587538608658,0.59,0.722,0.6,0.8,0,0,0,0,0,0,0,0,0,0,0,0,0,0.0953020134228188,0.0671140939597315,0,0,0,0,0,0,0,0,0,1,0,0,0,0,0,0,0,1,0,0,0,1,0,1,0,0,0,0.009375,0,0.349843980525981,0.754587538608658,0.59,0.722,0.6,0.8,0,0,0,0,0,0,0,0,0,0,0,0,0,0.0953020134228188,0.0671140939597315,0,0,0,0,0,0,0,0,0,1,0,0,0,0,0,0,0,1,0,0,0,1,0,1,0,0,0,0.009375,0,0.349843980525981,0.754587538608658,0.59,0.722,0.6,0.8,0,0,0,0,0,0,0,0,0,0,0,0,0,0.0738255033557047,0.0671140939597315,0,0,0,0,0,0,0,0,0,1,0,0,0,0,0,0,0,1,0,0,0,1,0,1,0,0,0,0.009375,0,0.349843980525981,0.754587538608658,0.568,0.692,0.6,0.8,0,0,0,0,0,0,0,0,0,0,0,0,0,0.0738255033557047,0.0671140939597315,0,0,0,0,0,0,0,0,0,1,0,0,0,0,0,0,0,1,0,70
0,0,0,1,0,1,0,0,0,0.009375,0,0.349843980525981,0.754587538608658,0.59,0.722,0.6,0.8,0,0,0,0,0,0,0,0,0,0,0,0,0,0.0953020134228188,0.0671140939597315,0,0,0,0,0,0,0,0,0,1,0,0,0,0,0,0,0,1,0,0,0,1,0,1,0,0,0,0.009375,0,0.349843980525981,0.754587538608658,0.59,0.722,0.6,0.8,0,0,0,0,0,0,0,0,0,0,0,0,0,0.0953020134228188,0.0671140939597315,0,0,0,0,0,0,0,0,0,1,0,0,0,0,0,0,0,1,0,0,0,1,0,1,0,0,0,0.009375,0,0.349843980525981,0.754587538608658,0.59,0.722,0.6,0.8,0,0,0,0,0,0,0,0,0,0,0,0,0,0.0738255033557047,0.0671140939597315,0,0,0,0,0,0,0,0,0,1,0,0,0,0,0,0,0,1,0,0,0,1,0,1,0,0,0,0.009375,0,0.349843980525981,0.754587538608658,0.568,0.692,0.6,0.8,0,0,0,0,0,0,0,0,0,0,0,0,0,0.0738255033557047,0.0671140939597315,0,0,0,0,0,0,0,0,0,1,0,0,0,0,0,0,0,1,0,0,0,1,0,1,0,0,0,0.009375,0,0.321052430964958,0.704124145231931,0.546,0.57,0.6,0.6,0,0,0,0,0,0,0,0,0,0,0,0,0,0.051006711409396,0.0671140939597315,0,0,0,0,0,0,0,0,0,1,0,0,0,0,0,0,0,1,0,71
0,0,0,1,0,1,0,0,0,0.009375,0,0.349843980525981,0.754587538608658,0.59,0.722,0.6,0.8,0,0,0,0,0,0,0,0,0,0,0,0,0,0.0953020134228188,0.0671140939597315,0,0,0,0,0,0,0,0,0,1,0,0,0,0,0,0,0,1,0,0,0,1,0,1,0,0,0,0.009375,0,0.349843980525981,0.754587538608658,0.59,0.722,0.6,0.8,0,0,0,0,0,0,0,0,0,0,0,0,0,0.0738255033557047,0.0671140939597315,0,0,0,0,0,0,0,0,0,1,0,0,0,0,0,0,0,1,0,0,0,1,0,1,0,0,0,0.009375,0,0.349843980525981,0.754587538608658,0.568,0.692,0.6,0.8,0,0,0,0,0,0,0,0,0,0,0,0,0,0.0738255033557047,0.0671140939597315,0,0,0,0,0,0,0,0,0,1,0,0,0,0,0,0,0,1,0,0,0,1,0,1,0,0,0,0.009375,0,0.321052430964958,0.704124145231931,0.546,0.57,0.6,0.6,0,0,0,0,0,0,0,0,0,0,0,0,0,0.051006711409396,0.0671140939597315,0,0,0,0,0,0,0,0,0,1,0,0,0,0,0,0,0,1,0,0,0,1,0,1,0,0,0,0.009375,0,0.321052430964958,0.704124145231931,0.546,0.57,0.6,0.6,0,0,0,0,0,0,0,0,0,0,0,0,0,0.051006711409396,0.0671140939597315,0,0,0,0,0,0,0,0,0,1,0,0,0,0,0,0,0,1,0,72
0,0,0,1,0,1,0,0,0,0.009375,0,0.349843980525981,0.754587538608658,0.59,0.722,0.6,0.8,0,0,0,0,0,0,0,0,0,0,0,0,0,0.0738255033557047,0.0671140939597315,0,0,0,0,0,0,0,0,0,1,0,0,0,0,0,0,0,1,0,0,0,1,0,1,0,0,0,0.009375,0,0.349843980525981,0.754587538608658,0.568,0.692,0.6,0.8,0,0,0,0,0,0,0,0,0,0,0,0,0,0.0738255033557047,0.0671140939597315,0,0,0,0,0,0,0,0,0,1,0,0,0,0,0,0,0,1,0,0,0,1,0,1,0,0,0,0.009375,0,0.321052430964958,0.704124145231931,0.546,0.57,0.6,0.6,0,0,0,0,0,0,0,0,0,0,0,0,0,0.051006711409396,0.0671140939597315,0,0,0,0,0,0,0,0,0,1,0,0,0,0,0,0,0,1,0,0,0,1,0,1,0,0,0,0.009375,0,0.321052430964958,0.704124145231931,0.546,0.57,0.6,0.6,0,0,0,0,0,0,0,0,0,0,0,0,0,0.051006711409396,0.0671140939597315,0,0,0,0,0,0,0,0,0,1,0,0,0,0,0,0,0,1,0,0,0,1,0,1,0,0,0,0.009375,0,0.288407517587765,0.666666666666667,0.422,0.37,0.6,0.4,0,0,0,0,0,0,0,0,0,0,0,0,0,0.0281879194630872,0.0671140939597315,0,0,0,0,0,0,0,0,0,1,0,0,0,0,0,0,0,1,0,73
0,0,0,1,0,1,0,0,0,0.009375,0,0.349843980525981,0.754587538608658,0.568,0.692,0.6,0.8,0,0,0,0,0,0,0,0,0,0,0,0,0,0.0738255033557047,0.0671140939597315,0,0,0,0,0,0,0,0,0,1,0,0,0,0,0,0,0,1,0,0,0,1,0,1,0,0,0,0.009375,0,0.321052430964958,0.704124145231931,0.546,0.57,0.6,0.6,0,0,0,0,0,0,0,0,0,0,0,0,0,0.051006711409396,0.0671140939597315,0,0,0,0,0,0,0,0,0,1,0,0,0,0,0,0,0,1,0,0,0,1,0,1,0,0,0,0.009375,0,0.321052430964958,0.704124145231931,0.546,0.57,0.6,0.6,0,0,0,0,0,0,0,0,0,0,0,0,0,0.051006711409396,0.0671140939597315,0,0,0,0,0,0,0,0,0,1,0,0,0,0,0,0,0,1,0,0,0,1,0,1,0,0,0,0.009375,0,0.288407517587765,0.666666666666667,0.422,0.37,0.6,0.4,0,0,0,0,0,0,0,0,0,0,0,0,0,0.0281879194630872,0.0671140939597315,0,0,0,0,0,0,0,0,0,1,0,0,0,0,0,0,0,1,0,0,0,1,0,1,0,0,0,0.009375,0,0.288407517587765,0.666666666666667,0.422,0.37,0.6,0.4,0,0,0,0,0,0,0,0,0,0,0,0,0,0.0281879194630872,0.0671140939597315,0,0,0,0,0,0,0,0,0,1,0,0,0,0,0,0,0,1,0,74
0,0,0,1,0,1,0,0,0,0.009375,0,0.321052430964958,0.704124145231931,0.546,0.57,0.6,0.6,0,0,0,0,0,0,0,0,0,0,0,0,0,0.051006711409396,0.0671140939597315,0,0,0,0,0,0,0,0,0,1,0,0,0,0,0,0,0,1,0,0,0,1,0,1,0,0,0,0.009375,0,0.321052430964958,0.704124145231931,0.546,0.57,0.6,0.6,0,0,0,0,0,0,0,0,0,0,0,0,0,0.051006711409396,0.0671140939597315,0,0,0,0,0,0,0,0,0,1,0,0,0,0,0,0,0,1,0,0,0,1,0,1,0,0,0,0.009375,0,0.288407517587765,0.666666666666667,0.422,0.37,0.6,0.4,0,0,0,0,0,0,0,0,0,0,0,0,0,0.0281879194630872,0.0671140939597315,0,0,0,0,0,0,0,0,0,1,0,0,0,0,0,0,0,1,0,0,0,1,0,1,0,0,0,0.009375,0,0.288407517587765,0.666666666666667,0.422,0.37,0.6,0.4,0,0,0,0,0,0,0,0,0,0,0,0,0,0.0281879194630872,0.0671140939597315,0,0,0,0,0,0,0,0,0,1,0,0,0,0,0,0,0,1,0,0,0,1,0,1,0,0,0,0.009375,0,0.305390733568167,0.636082763487954,0.288,0.37,0.4,0.4,0,0,0,0,0,0,0,0,0,0,0,0,0,0.0281879194630872,0.0536912751677852,0,0,0,0,0,0,0,0,0,1,0,0,0,0,0,0,0,1,0,75
0,0,0,1,0,1,0,0,0,0.009375,0,0.321052430964958,0.704124145231931,0.546,0.57,0.6,0.6,0,0,0,0,0,0,0,0,0,0,0,0,0,0.051006711409396,0.0671140939597315,0,0,0,0,0,0,0,0,0,1,0,0,0,0,0,0,0,1,0,0,0,1,0,1,0,0,0,0.009375,0,0.288407517587765,0.666666666666667,0.422,0.37,0.6,0.4,0,0,0,0,0,0,0,0,0,0,0,0,0,0.0281879194630872,0.0671140939597315,0,0,0,0,0,0,0,0,0,1,0,0,0,0,0,0,0,1,0,0,0,1,0,1,0,0,0,0.009375,0,0.288407517587765,0.666666666666667,0.422,0.37,0.6,0.4,0,0,0,0,0,0,0,0,0,0,0,0,0,0.0281879194630872,0.0671140939597315,0,0,0,0,0,0,0,0,0,1,0,0,0,0,0,0,0,1,0,0,0,1,0,1,0,0,0,0.009375,0,0.305390733568167,0.636082763487954,0.288,0.37,0.4,0.4,0,0,0,0,0,0,0,0,0,0,0,0,0,0.0281879194630872,0.0536912751677852,0,0,0,0,0,0,0,0,0,1,0,0,0,0,0,0,0,1,0,0,0,1,0,1,0,0,0,0.009375,0,0.305390733568167,0.636082763487954,0.238,0.37,0.4,0.4,0,0,0,0,0,0,0,0,0,0,0,0,0,0.0281879194630872,0.0536912751677852,0,0,0,0,0,0,0,0,0,1,0,0,0,0,0,0,0,1,0,76
0,0,0,1,0,1,0,0,0,0.009375,0,0.288407517587765,0.666666666666667,0.422,0.37,0.6,0.4,0,0,0,0,0,0,0,0,0,0,0,0,0,0.0281879194630872,0.0671140939597315,0,0,0,0,0,0,0,0,0,1,0,0,0,0,0,0,0,1,0,0,0,1,0,1,0,0,0,0.009375,0,0.288407517587765,0.666666666666667,0.422,0.37,0.6,0.4,0,0,0,0,0,0,0,0,0,0,0,0,0,0.0281879194630872,0.0671140939597315,0,0,0,0,0,0,0,0,0,1,0,0,0,0,0,0,0,1,0,0,0,1,0,1,0,0,0,0.009375,0,0.305390733568167,0.636082763487954,0.288,0.37,0.4,0.4,0,0,0,0,0,0,0,0,0,0,0,0,0,0.0281879194630872,0.0536912751677852,0,0,0,0,0,0,0,0,0,1,0,0,0,0,0,0,0,1,0,0,0,1,0,1,0,0,0,0.009375,0,0.305390733568167,0.636082763487954,0.238,0.37,0.4,0.4,0,0,0,0,0,0,0,0,0,0,0,0,0,0.0281879194630872,0.0536912751677852,0,0,0,0,0,0,0,0,0,1,0,0,0,0,0,0,0,1,0,0,0,1,0,1,0,0,0,0.009375,0,0.305390733568167,0.636082763487954,0.18,0.37,0.4,0.4,0,0,0,0,0,0,0,0,0,0,0,0,0,0.0281879194630872,0.0536912751677852,0,0,0,0,0,0,0,0,0,1,0,0,0,0,0,0,0,1,0,77
0,0,0,1,0,1,0,0,0,0.009375,0,0.288407517587765,0.666666666666667,0.422,0.37,0.6,0.4,0,0,0,0,0,0,0,0,0,0,0,0,0,0.0281879194630872,0.0671140939597315,0,0,0,0,0,0,0,0,0,1,0,0,0,0,0,0,0,1,0,0,0,1,0,1,0,0,0,0.009375,0,0.305390733568167,0.636082763487954,0.288,0.37,0.4,0.4,0,0,0,0,0,0,0,0,0,0,0,0,0,0.0281879194630872,0.0536912751677852,0,0,0,0,0,0,0,0,0,1,0,0,0,0,0,0,0,1,0,0,0,1,0,1,0,0,0,0.009375,0,0.305390733568167,0.636082763487954,0.238,0.37,0.4,0.4,0,0,0,0,0,0,0,0,0,0,0,0,0,0.0281879194630872,0.0536912751677852,0,0,0,0,0,0,0,0,0,1,0,0,0,0,0,0,0,1,0,0,0,1,0,1,0,0,0,0.009375,0,0.305390733568167,0.636082763487954,0.18,0.37,0.4,0.4,0,0,0,0,0,0,0,0,0,0,0,0,0,0.0281879194630872,0.0536912751677852,0,0,0,0,0,0,0,0,0,1,0,0,0,0,0,0,0,1,0,0,0,1,0,1,0,0,0,0.009375,0,0.305390733568167,0.636082763487954,0.18,0.37,0.4,0.4,0,0,0,0,0,0,0,0,0,0,0,0,0,0.0281879194630872,0.0536912751677852,0,0,0,0,0,0,0,0,0,1,0,0,0,0,0,0,0,1,0,78
0,0,0,1,0,1,0,0,0,0.009375,0,0.305390733568167,0.636082763487954,0.288,0.37,0.4,0.4,0,0,0,0,0,0,0,0,0,0,0,0,0,0.0281879194630872,0.0536912751677852,0,0,0,0,0,0,0,0,0,1,0,0,0,0,0,0,0,1,0,0,0,1,0,1,0,0,0,0.009375,0,0.305390733568167,0.636082763487954,0.238,0.37,0.4,0.4,0,0,0,0,0,0,0,0,0,0,0,0,0,0.0281879194630872,0.0536912751677852,0,0,0,0,0,0,0,0,0,1,0,0,0,0,0,0,0,1,0,0,0,1,0,1,0,0,0,0.009375,0,0.305390733568167,0.636082763487954,0.18,0.37,0.4,0.4,0,0,0,0,0,0,0,0,0,0,0,0,0,0.0281879194630872,0.0536912751677852,0,0,0,0,0,0,0,0,0,1,0,0,0,0,0,0,0,1,0,0,0,1,0,1,0,0,0,0.009375,0,0.305390733568167,0.636082763487954,0.18,0.37,0.4,0.4,0,0,0,0,0,0,0,0,0,0,0,0,0,0.0281879194630872,0.0536912751677852,0,0,0,0,0,0,0,0,0,1,0,0,0,0,0,0,0,1,0,0,0,1,0,1,0,0,0,0.009375,0,0.305390733568167,0.636082763487954,0.13,0.37,0.4,0.4,0,0,0,0,0,0,0,0,0,0,0,0,0,0.0281879194630872,0.0536912751677852,0,0,0,0,0,0,0,0,0,1,0,0,0,0,0,0,0,1,0,79
0,0,0,1,0,1,0,0,0,0.009375,0,0.305390733568167,0.636082763487954,0.238,0.37,0.4,0.4,0,0,0,0,0,0,0,0,0,0,0,0,0,0.0281879194630872,0.0536912751677852,0,0,0,0,0,0,0,0,0,1,0,0,0,0,0,0,0,1,0,0,0,1,0,1,0,0,0,0.009375,0,0.305390733568167,0.636082763487954,0.18,0.37,0.4,0.4,0,0,0,0,0,0,0,0,0,0,0,0,0,0.0281879194630872,0.0536912751677852,0,0,0,0,0,0,0,0,0,1,0,0,0,0,0,0,0,1,0,0,0,1,0,1,0,0,0,0.009375,0,0.305390733568167,0.636082763487954,0.18,0.37,0.4,0.4,0,0,0,0,0,0,0,0,0,0,0,0,0,0.0281879194630872,0.0536912751677852,0,0,0,0,0,0,0,0,0,1,0,0,0,0,0,0,0,1,0,0,0,1,0,1,0,0,0,0.009375,0,0.305390733568167,0.636082763487954,0.13,0.37,0.4,0.4,0,0,0,0,0,0,0,0,0,0,0,0,0,0.0281879194630872,0.0536912751677852,0,0,0,0,0,0,0,0,0,1,0,0,0,0,0,0,0,1,0,0,0,1,0,1,0,0,0,0.009375,0,0.327940433277333,0.609108945117996,0.13,0.37,0.4,0.4,0,0,0,0,0,0,0,0,0,0,0,0,0,0.0281879194630872,0.0536912751677852,0,0,0,0,0,0,0,0,0,1,0,0,0,0,0,0,0,1,0,80
0,0,0,1,0,1,0,0,0,0.009375,0,0.305390733568167,0.636082763487954,0.18,0.37,0.4,0.4,0,0,0,0,0,0,0,0,0,0,0,0,0,0.0281879194630872,0.0536912751677852,0,0,0,0,0,0,0,0,0,1,0,0,0,0,0,0,0,1,0,0,0,1,0,1,0,0,0,0.009375,0,0.305390733568167,0.636082763487954,0.18,0.37,0.4,0.4,0,0,0,0,0,0,0,0,0,0,0,0,0,0.0281879194630872,0.0536912751677852,0,0,0,0,0,0,0,0,0,1,0,0,0,0,0,0,0,1,0,0,0,1,0,1,0,0,0,0.009375,0,0.305390733568167,0.636082763487954,0.13,0.37,0.4,0.4,0,0,0,0,0,0,0,0,0,0,0,0,0,0.0281879194630872,0.0536912751677852,0,0,0,0,0,0,0,0,0,1,0,0,0,0,0,0,0,1,0,0,0,1,0,1,0,0,0,0.009375,0,0.327940433277333,0.609108945117996,0.13,0.37,0.4,0.4,0,0,0,0,0,0,0,0,0,0,0,0,0,0.0281879194630872,0.0536912751677852,0,0,0,0,0,0,0,0,0,1,0,0,0,0,0,0,0,1,0,0,0,1,0,1,0,0,0,0.009375,0,0.303055126621446,0.583333333333333,0.118,0.322,0.2,0.4,0,0,0,0,0,0,0,0,0,0,0,0,0,0.0281879194630872,0.0308724832214765,0,0,0,0,0,0,0,0,0,1,0,0,0,0,0,0,0,1,0,81
0,0,0,1,0,1,0,0,0,0.009375,0,0.305390733568167,0.636082763487954,0.18,0.37,0.4,0.4,0,0,0,0,0,0,0,0,0,0,0,0,0,0.0281879194630872,0.0536912751677852,0,0,0,0,0,0,0,0,0,1,0,0,0,0,0,0,0,1,0,0,0,1,0,1,0,0,0,0.009375,0,0.305390733568167,0.636082763487954,0.13,0.37,0.4,0.4,0,0,0,0,0,0,0,0,0,0,0,0,0,0.0281879194630872,0.0536912751677852,0,0,0,0,0,0,0,0,0,1,0,0,0,0,0,0,0,1,0,0,0,1,0,1,0,0,0,0.009375,0,0.327940433277333,0.609108945117996,0.13,0.37,0.4,0.4,0,0,0,0,0,0,0,0,0,0,0,0,0,0.0281879194630872,0.0536912751677852,0,0,0,0,0,0,0,0,0,1,0,0,0,0,0,0,0,1,0,0,0,1,0,1,0,0,0,0.009375,0,0.303055126621446,0.583333333333333,0.118,0.322,0.2,0.4,0,0,0,0,0,0,0,0,0,0,0,0,0,0.0281879194630872,0.0308724832214765,0,0,0,0,0,0,0,0,0,1,0,0,0,0,0,0,0,1,0,0,0,1,0,1,0,0,0,0.009375,0,0.296591170564101,0.555555555555556,0.118,0.2,0.2,0.2,0,0,0,0,0,0,0,0,0,0,0,0,0,0.00536912751677852,0.0308724832214765,0,0,0,0,0,0,0,0,0,1,0,0,0,0,0,0,0,1,0,82
0,0,0,1,0,1,0,0,0,0.009375,0,0.305390733568167,0.636082763487954,0.13,0.37,0.4,0.4,0,0,0,0,0,0,0,0,0,0,0,0,0,0.0281879194630872,0.0536912751677852,0,0,0,0,0,0,0,0,0,1,0,0,0,0,0,0,0,1,0,0,0,1,0,1,0,0,0,0.009375,0,0.327940433277333,0.609108945117996,0.13,0.37,0.4,0.4,0,0,0,0,0,0,0,0,0,0,0,0,0,0.0281879194630872,0.0536912751677852,0,0,0,0,0,0,0,0,0,1,0,0,0,0,0,0,0,1,0,0,0,1,0,1,0,0,0,0.009375,0,0.303055126621446,0.583333333333333,0.118,0.322,0.2,0.4,0,0,0,0,0,0,0,0,0,0,0,0,0,0.0281879194630872,0.0308724832214765,0,0,0,0,0,0,0,0,0,1,0,0,0,0,0,0,0,1,0,0,0,1,0,1,0,0,0,0.009375,0,0.296591170564101,0.555555555555556,0.118,0.2,0.2,0.2,0,0,0,0,0,0,0,0,0,0,0,0,0,0.00536912751677852,0.0308724832214765,0,0,0,0,0,0,0,0,0,1,0,0,0,0,0,0,0,1,0,0,0,1,0,1,0,0,0,0.2125,0,0.296591170564101,0.555555555555556,0,0.2,0,0.2,0,0,0,0,0,0,0,0,0,0,0,0,0,0.00536912751677852,0,0,0,0,0,0,0,0,0,0,1,0,0,0,0,0,0,0,1,0,83
0,0,0,1,0,1,0,0,0,0.009375,0,0.327940433277333,0.609108945117996,0.13,0.37,0.4,0.4,0,0,0,0,0,0,0,0,0,0,0,0,0,0.0281879194630872,0.0536912751677852,0,0,0,0,0,0,0,0,0,1,0,0,0,0,0,0,0,1,0,0,0,1,0,1,0,0,0,0.009375,0,0.303055126621446,0.583333333333333,0.118,0.322,0.2,0.4,0,0,0,0,0,0,0,0,0,0,0,0,0,0.0281879194630872,0.0308724832214765,0,0,0,0,0,0,0,0,0,1,0,0,0,0,0,0,0,1,0,0,0,1,0,1,0,0,0,0.009375,0,0.296591170564101,0.555555555555556,0.118,0.2,0.2,0.2,0,0,0,0,0,0,0,0,0,0,0,0,0,0.00536912751677852,0.0308724832214765,0,0,0,0,0,0,0,0,0,1,0,0,0,0,0,0,0,1,0,0,0,1,0,1,0,0,0,0.2125,0,0.296591170564101,0.555555555555556,0,0.2,0,0.2,0,0,0,0,0,0,0,0,0,0,0,0,0,0.00536912751677852,0,0,0,0,0,0,0,0,0,0,1,0,0,0,0,0,0,0,1,0,0,0,1,0,1,0,0,0,0.2125,0,0.296591170564101,0.555555555555556,0,0.2,0,0.2,0,0,0,0,0,0,0,0,0,0,0,0,0,0.00536912751677852,0,0,0,0,0,0,0,0,0,0,1,0,0,0,0,0,0,0,1,0,84
